RecordID,SourceCohort,SourceFile,SourceRow,LinkageCost_outcome_used,MatchUnique_outcome_used,MatchAmbiguousAcrossCohorts,SameMatch_outcome_blinded,HeartDisease,Source_num,Age_source_value,Age_distributed_value,Age_status,Sex_source_value,Sex_distributed_value,Sex_status,ChestPainType_source_value,ChestPainType_distributed_value,ChestPainType_status,RestingBP_source_value,RestingBP_distributed_value,RestingBP_status,Cholesterol_source_value,Cholesterol_distributed_value,Cholesterol_status,FastingBS_source_value,FastingBS_distributed_value,FastingBS_status,RestingECG_source_value,RestingECG_distributed_value,RestingECG_status,MaxHR_source_value,MaxHR_distributed_value,MaxHR_status,ExerciseAngina_source_value,ExerciseAngina_distributed_value,ExerciseAngina_status,Oldpeak_source_value,Oldpeak_distributed_value,Oldpeak_status,ST_Slope_source_value,ST_Slope_distributed_value,ST_Slope_status
1,Hungarian,processed.hungarian.data,42,0,1,0,1,0,0,40.0,40,source_recorded,1.0,M,source_recorded,2.0,ATA,source_recorded,140.0,140,source_recorded,289.0,289,source_recorded,0.0,0,source_recorded,0.0,Normal,source_recorded,172.0,172,source_recorded,0.0,N,source_recorded,0.0,0.0,source_recorded,?,Up,completed
2,Hungarian,processed.hungarian.data,210,0,1,0,1,1,1,49.0,49,source_recorded,0.0,F,source_recorded,3.0,NAP,source_recorded,160.0,160,source_recorded,180.0,180,source_recorded,0.0,0,source_recorded,0.0,Normal,source_recorded,156.0,156,source_recorded,0.0,N,source_recorded,1.0,1.0,source_recorded,2.0,Flat,source_recorded
3,Hungarian,processed.hungarian.data,24,0,1,0,1,0,0,37.0,37,source_recorded,1.0,M,source_recorded,2.0,ATA,source_recorded,130.0,130,source_recorded,283.0,283,source_recorded,0.0,0,source_recorded,1.0,ST,source_recorded,98.0,98,source_recorded,0.0,N,source_recorded,0.0,0.0,source_recorded,?,Up,completed
4,Hungarian,processed.hungarian.data,258,0,1,0,1,1,1,48.0,48,source_recorded,0.0,F,source_recorded,4.0,ASY,source_recorded,138.0,138,source_recorded,214.0,214,source_recorded,0.0,0,source_recorded,0.0,Normal,source_recorded,108.0,108,source_recorded,1.0,Y,source_recorded,1.5,1.5,source_recorded,2.0,Flat,source_recorded
5,Hungarian,processed.hungarian.data,155,0,1,0,1,0,0,54.0,54,source_recorded,1.0,M,source_recorded,3.0,NAP,source_recorded,150.0,150,source_recorded,?,195,completed,0.0,0,source_recorded,0.0,Normal,source_recorded,122.0,122,source_recorded,0.0,N,source_recorded,0.0,0.0,source_recorded,?,Up,completed
6,Hungarian,processed.hungarian.data,37,0,1,0,1,0,0,39.0,39,source_recorded,1.0,M,source_recorded,3.0,NAP,source_recorded,120.0,120,source_recorded,339.0,339,source_recorded,0.0,0,source_recorded,0.0,Normal,source_recorded,170.0,170,source_recorded,0.0,N,source_recorded,0.0,0.0,source_recorded,?,Up,completed
7,Hungarian,processed.hungarian.data,72,0,1,0,1,0,0,45.0,45,source_recorded,0.0,F,source_recorded,2.0,ATA,source_recorded,130.0,130,source_recorded,237.0,237,source_recorded,0.0,0,source_recorded,0.0,Normal,source_recorded,170.0,170,source_recorded,0.0,N,source_recorded,0.0,0.0,source_recorded,?,Up,completed
8,Hungarian,processed.hungarian.data,149,0,1,0,1,0,0,54.0,54,source_recorded,1.0,M,source_recorded,2.0,ATA,source_recorded,110.0,110,source_recorded,208.0,208,source_recorded,0.0,0,source_recorded,0.0,Normal,source_recorded,142.0,142,source_recorded,0.0,N,source_recorded,0.0,0.0,source_recorded,?,Up,completed
9,Hungarian,processed.hungarian.data,194,0,1,0,1,1,1,37.0,37,source_recorded,1.0,M,source_recorded,4.0,ASY,source_recorded,140.0,140,source_recorded,207.0,207,source_recorded,0.0,0,source_recorded,0.0,Normal,source_recorded,130.0,130,source_recorded,1.0,Y,source_recorded,1.5,1.5,source_recorded,2.0,Flat,source_recorded
10,Hungarian,processed.hungarian.data,93,0,1,0,1,0,0,48.0,48,source_recorded,0.0,F,source_recorded,2.0,ATA,source_recorded,120.0,120,source_recorded,284.0,284,source_recorded,0.0,0,source_recorded,0.0,Normal,source_recorded,120.0,120,source_recorded,0.0,N,source_recorded,0.0,0.0,source_recorded,?,Up,completed
11,Hungarian,processed.hungarian.data,22,0,1,0,1,0,0,37.0,37,source_recorded,0.0,F,source_recorded,3.0,NAP,source_recorded,130.0,130,source_recorded,211.0,211,source_recorded,0.0,0,source_recorded,0.0,Normal,source_recorded,142.0,142,source_recorded,0.0,N,source_recorded,0.0,0.0,source_recorded,?,Up,completed
12,Hungarian,processed.hungarian.data,275,0,1,0,1,1,1,58.0,58,source_recorded,1.0,M,source_recorded,2.0,ATA,source_recorded,136.0,136,source_recorded,164.0,164,source_recorded,0.0,0,source_recorded,1.0,ST,source_recorded,99.0,99,source_recorded,1.0,Y,source_recorded,2.0,2.0,source_recorded,2.0,Flat,source_recorded
13,Hungarian,processed.hungarian.data,34,0,1,0,1,0,0,39.0,39,source_recorded,1.0,M,source_recorded,2.0,ATA,source_recorded,120.0,120,source_recorded,204.0,204,source_recorded,0.0,0,source_recorded,0.0,Normal,source_recorded,145.0,145,source_recorded,0.0,N,source_recorded,0.0,0.0,source_recorded,?,Up,completed
14,Hungarian,processed.hungarian.data,260,0,1,0,1,1,1,49.0,49,source_recorded,1.0,M,source_recorded,4.0,ASY,source_recorded,140.0,140,source_recorded,234.0,234,source_recorded,0.0,0,source_recorded,0.0,Normal,source_recorded,140.0,140,source_recorded,1.0,Y,source_recorded,1.0,1.0,source_recorded,2.0,Flat,source_recorded
15,Hungarian,processed.hungarian.data,53,0,1,0,1,0,0,42.0,42,source_recorded,0.0,F,source_recorded,3.0,NAP,source_recorded,115.0,115,source_recorded,211.0,211,source_recorded,0.0,0,source_recorded,1.0,ST,source_recorded,137.0,137,source_recorded,0.0,N,source_recorded,0.0,0.0,source_recorded,?,Up,completed
16,Hungarian,processed.hungarian.data,143,0,1,0,1,0,0,54.0,54,source_recorded,0.0,F,source_recorded,2.0,ATA,source_recorded,120.0,120,source_recorded,273.0,273,source_recorded,0.0,0,source_recorded,0.0,Normal,source_recorded,150.0,150,source_recorded,0.0,N,source_recorded,1.5,1.5,source_recorded,2.0,Flat,source_recorded
17,Hungarian,processed.hungarian.data,195,0,1,0,1,1,1,38.0,38,source_recorded,1.0,M,source_recorded,4.0,ASY,source_recorded,110.0,110,source_recorded,196.0,196,source_recorded,0.0,0,source_recorded,0.0,Normal,source_recorded,166.0,166,source_recorded,0.0,N,source_recorded,0.0,0.0,source_recorded,?,Flat,completed
18,Hungarian,processed.hungarian.data,61,0,1,0,1,0,0,43.0,43,source_recorded,0.0,F,source_recorded,2.0,ATA,source_recorded,120.0,120,source_recorded,201.0,201,source_recorded,0.0,0,source_recorded,0.0,Normal,source_recorded,165.0,165,source_recorded,0.0,N,source_recorded,0.0,0.0,source_recorded,?,Up,completed
19,Hungarian,processed.hungarian.data,223,0,1,0,1,1,1,60.0,60,source_recorded,1.0,M,source_recorded,4.0,ASY,source_recorded,100.0,100,source_recorded,248.0,248,source_recorded,0.0,0,source_recorded,0.0,Normal,source_recorded,125.0,125,source_recorded,0.0,N,source_recorded,1.0,1.0,source_recorded,2.0,Flat,source_recorded
20,Hungarian,processed.hungarian.data,193,0,1,0,1,1,1,36.0,36,source_recorded,1.0,M,source_recorded,2.0,ATA,source_recorded,120.0,120,source_recorded,267.0,267,source_recorded,0.0,0,source_recorded,0.0,Normal,source_recorded,160.0,160,source_recorded,0.0,N,source_recorded,3.0,3.0,source_recorded,2.0,Flat,source_recorded
21,Hungarian,processed.hungarian.data,60,0,1,0,1,0,0,43.0,43,source_recorded,0.0,F,source_recorded,1.0,TA,source_recorded,100.0,100,source_recorded,223.0,223,source_recorded,0.0,0,source_recorded,0.0,Normal,source_recorded,142.0,142,source_recorded,0.0,N,source_recorded,0.0,0.0,source_recorded,?,Up,completed
22,Hungarian,processed.hungarian.data,69,0,1,0,1,0,0,44.0,44,source_recorded,1.0,M,source_recorded,2.0,ATA,source_recorded,120.0,120,source_recorded,184.0,184,source_recorded,0.0,0,source_recorded,0.0,Normal,source_recorded,142.0,142,source_recorded,0.0,N,source_recorded,1.0,1.0,source_recorded,2.0,Flat,source_recorded
23,Hungarian,processed.hungarian.data,104,0,1,0,1,0,0,49.0,49,source_recorded,0.0,F,source_recorded,2.0,ATA,source_recorded,124.0,124,source_recorded,201.0,201,source_recorded,0.0,0,source_recorded,0.0,Normal,source_recorded,164.0,164,source_recorded,0.0,N,source_recorded,0.0,0.0,source_recorded,?,Up,completed
24,Hungarian,processed.hungarian.data,254,0,1,0,1,1,1,44.0,44,source_recorded,1.0,M,source_recorded,2.0,ATA,source_recorded,150.0,150,source_recorded,288.0,288,source_recorded,0.0,0,source_recorded,0.0,Normal,source_recorded,150.0,150,source_recorded,1.0,Y,source_recorded,3.0,3.0,source_recorded,2.0,Flat,source_recorded
25,Hungarian,processed.hungarian.data,43,0,1,0,1,0,0,40.0,40,source_recorded,1.0,M,source_recorded,3.0,NAP,source_recorded,130.0,130,source_recorded,215.0,215,source_recorded,0.0,0,source_recorded,0.0,Normal,source_recorded,138.0,138,source_recorded,0.0,N,source_recorded,0.0,0.0,source_recorded,?,Up,completed
26,Hungarian,processed.hungarian.data,19,0,1,0,1,0,0,36.0,36,source_recorded,1.0,M,source_recorded,3.0,NAP,source_recorded,130.0,130,source_recorded,209.0,209,source_recorded,0.0,0,source_recorded,0.0,Normal,source_recorded,178.0,178,source_recorded,0.0,N,source_recorded,0.0,0.0,source_recorded,?,Up,completed
27,Hungarian,processed.hungarian.data,138,0,1,0,1,0,0,53.0,53,source_recorded,1.0,M,source_recorded,4.0,ASY,source_recorded,124.0,124,source_recorded,260.0,260,source_recorded,0.0,0,source_recorded,1.0,ST,source_recorded,112.0,112,source_recorded,1.0,Y,source_recorded,3.0,3.0,source_recorded,2.0,Flat,source_recorded
28,Hungarian,processed.hungarian.data,128,0,1,0,1,0,0,52.0,52,source_recorded,1.0,M,source_recorded,2.0,ATA,source_recorded,120.0,120,source_recorded,284.0,284,source_recorded,0.0,0,source_recorded,0.0,Normal,source_recorded,118.0,118,source_recorded,0.0,N,source_recorded,0.0,0.0,source_recorded,?,Up,completed
29,Hungarian,processed.hungarian.data,132,0,1,0,1,0,0,53.0,53,source_recorded,0.0,F,source_recorded,2.0,ATA,source_recorded,113.0,113,source_recorded,468.0,468,source_recorded,?,0,completed,0.0,Normal,source_recorded,127.0,127,source_recorded,0.0,N,source_recorded,0.0,0.0,source_recorded,?,Up,completed
30,Hungarian,processed.hungarian.data,121,0,1,0,1,0,0,51.0,51,source_recorded,1.0,M,source_recorded,2.0,ATA,source_recorded,125.0,125,source_recorded,188.0,188,source_recorded,0.0,0,source_recorded,0.0,Normal,source_recorded,145.0,145,source_recorded,0.0,N,source_recorded,0.0,0.0,source_recorded,?,Up,completed
31,Hungarian,processed.hungarian.data,266,0,1,0,1,1,1,53.0,53,source_recorded,1.0,M,source_recorded,3.0,NAP,source_recorded,145.0,145,source_recorded,518.0,518,source_recorded,0.0,0,source_recorded,0.0,Normal,source_recorded,130.0,130,source_recorded,0.0,N,source_recorded,0.0,0.0,source_recorded,?,Flat,completed
32,Hungarian,processed.hungarian.data,169,0,1,0,1,0,0,56.0,56,source_recorded,1.0,M,source_recorded,3.0,NAP,source_recorded,130.0,130,source_recorded,?,167,completed,0.0,0,source_recorded,0.0,Normal,source_recorded,114.0,114,source_recorded,0.0,N,source_recorded,0.0,0.0,source_recorded,?,Up,completed
33,Hungarian,processed.hungarian.data,218,0,1,0,1,1,1,54.0,54,source_recorded,1.0,M,source_recorded,4.0,ASY,source_recorded,125.0,125,source_recorded,224.0,224,source_recorded,0.0,0,source_recorded,0.0,Normal,source_recorded,122.0,122,source_recorded,0.0,N,source_recorded,2.0,2.0,source_recorded,2.0,Flat,source_recorded
34,Hungarian,processed.hungarian.data,252,0,1,0,1,1,1,41.0,41,source_recorded,1.0,M,source_recorded,4.0,ASY,source_recorded,130.0,130,source_recorded,172.0,172,source_recorded,0.0,0,source_recorded,1.0,ST,source_recorded,130.0,130,source_recorded,0.0,N,source_recorded,2.0,2.0,source_recorded,2.0,Flat,source_recorded
35,Hungarian,processed.hungarian.data,65,0,1,0,1,0,0,43.0,43,source_recorded,0.0,F,source_recorded,2.0,ATA,source_recorded,150.0,150,source_recorded,186.0,186,source_recorded,0.0,0,source_recorded,0.0,Normal,source_recorded,154.0,154,source_recorded,0.0,N,source_recorded,0.0,0.0,source_recorded,?,Up,completed
36,Hungarian,processed.hungarian.data,8,0,1,0,1,0,0,32.0,32,source_recorded,1.0,M,source_recorded,2.0,ATA,source_recorded,125.0,125,source_recorded,254.0,254,source_recorded,0.0,0,source_recorded,0.0,Normal,source_recorded,155.0,155,source_recorded,0.0,N,source_recorded,0.0,0.0,source_recorded,?,Up,completed
37,Hungarian,processed.hungarian.data,225,0,1,0,1,1,1,65.0,65,source_recorded,1.0,M,source_recorded,4.0,ASY,source_recorded,140.0,140,source_recorded,306.0,306,source_recorded,1.0,1,source_recorded,0.0,Normal,source_recorded,87.0,87,source_recorded,1.0,Y,source_recorded,1.5,1.5,source_recorded,2.0,Flat,source_recorded
38,Hungarian,processed.hungarian.data,46,0,1,0,1,0,0,41.0,41,source_recorded,0.0,F,source_recorded,2.0,ATA,source_recorded,110.0,110,source_recorded,250.0,250,source_recorded,0.0,0,source_recorded,1.0,ST,source_recorded,142.0,142,source_recorded,0.0,N,source_recorded,0.0,0.0,source_recorded,?,Up,completed
39,Hungarian,processed.hungarian.data,92,0,1,0,1,0,0,48.0,48,source_recorded,0.0,F,source_recorded,2.0,ATA,source_recorded,120.0,120,source_recorded,?,177,completed,1.0,1,source_recorded,1.0,ST,source_recorded,148.0,148,source_recorded,0.0,N,source_recorded,0.0,0.0,source_recorded,?,Up,completed
40,Hungarian,processed.hungarian.data,97,0,1,0,1,0,0,48.0,48,source_recorded,0.0,F,source_recorded,4.0,ASY,source_recorded,150.0,150,source_recorded,227.0,227,source_recorded,0.0,0,source_recorded,0.0,Normal,source_recorded,130.0,130,source_recorded,1.0,Y,source_recorded,1.0,1.0,source_recorded,2.0,Flat,source_recorded
41,Hungarian,processed.hungarian.data,146,0,1,0,1,0,0,54.0,54,source_recorded,0.0,F,source_recorded,2.0,ATA,source_recorded,150.0,150,source_recorded,230.0,230,source_recorded,0.0,0,source_recorded,0.0,Normal,source_recorded,130.0,130,source_recorded,0.0,N,source_recorded,0.0,0.0,source_recorded,?,Up,completed
42,Hungarian,processed.hungarian.data,291,0,1,0,1,1,1,54.0,54,source_recorded,0.0,F,source_recorded,3.0,NAP,source_recorded,130.0,130,source_recorded,294.0,294,source_recorded,0.0,0,source_recorded,1.0,ST,source_recorded,100.0,100,source_recorded,1.0,Y,source_recorded,0.0,0.0,source_recorded,2.0,Flat,source_recorded
43,Hungarian,processed.hungarian.data,16,0,1,0,1,0,0,35.0,35,source_recorded,1.0,M,source_recorded,2.0,ATA,source_recorded,150.0,150,source_recorded,264.0,264,source_recorded,0.0,0,source_recorded,0.0,Normal,source_recorded,168.0,168,source_recorded,0.0,N,source_recorded,0.0,0.0,source_recorded,?,Up,completed
44,Hungarian,processed.hungarian.data,131,0,1,0,1,0,0,52.0,52,source_recorded,1.0,M,source_recorded,3.0,NAP,source_recorded,140.0,140,source_recorded,259.0,259,source_recorded,0.0,0,source_recorded,1.0,ST,source_recorded,170.0,170,source_recorded,0.0,N,source_recorded,0.0,0.0,source_recorded,?,Up,completed
45,Hungarian,processed.hungarian.data,253,0,1,0,1,1,1,43.0,43,source_recorded,1.0,M,source_recorded,4.0,ASY,source_recorded,120.0,120,source_recorded,175.0,175,source_recorded,0.0,0,source_recorded,0.0,Normal,source_recorded,120.0,120,source_recorded,1.0,Y,source_recorded,1.0,1.0,source_recorded,2.0,Flat,source_recorded
46,Hungarian,processed.hungarian.data,181,0,1,0,1,0,0,59.0,59,source_recorded,1.0,M,source_recorded,3.0,NAP,source_recorded,130.0,130,source_recorded,318.0,318,source_recorded,0.0,0,source_recorded,0.0,Normal,source_recorded,120.0,120,source_recorded,1.0,Y,source_recorded,1.0,1.0,source_recorded,2.0,Flat,source_recorded
47,Hungarian,processed.hungarian.data,26,0,1,0,1,0,0,37.0,37,source_recorded,1.0,M,source_recorded,4.0,ASY,source_recorded,120.0,120,source_recorded,223.0,223,source_recorded,0.0,0,source_recorded,0.0,Normal,source_recorded,168.0,168,source_recorded,0.0,N,source_recorded,0.0,0.0,source_recorded,?,Up,completed
48,Hungarian,processed.hungarian.data,113,0,1,0,1,0,0,50.0,50,source_recorded,1.0,M,source_recorded,2.0,ATA,source_recorded,140.0,140,source_recorded,216.0,216,source_recorded,0.0,0,source_recorded,0.0,Normal,source_recorded,170.0,170,source_recorded,0.0,N,source_recorded,0.0,0.0,source_recorded,?,Up,completed
49,Hungarian,processed.hungarian.data,18,0,1,0,1,0,0,36.0,36,source_recorded,1.0,M,source_recorded,3.0,NAP,source_recorded,112.0,112,source_recorded,340.0,340,source_recorded,0.0,0,source_recorded,0.0,Normal,source_recorded,184.0,184,source_recorded,0.0,N,source_recorded,1.0,1.0,source_recorded,2.0,Flat,source_recorded
50,Hungarian,processed.hungarian.data,199,0,1,0,1,1,1,41.0,41,source_recorded,1.0,M,source_recorded,4.0,ASY,source_recorded,110.0,110,source_recorded,289.0,289,source_recorded,0.0,0,source_recorded,0.0,Normal,source_recorded,170.0,170,source_recorded,0.0,N,source_recorded,0.0,0.0,source_recorded,?,Flat,completed
51,Hungarian,processed.hungarian.data,238,0,1,0,1,1,1,50.0,50,source_recorded,1.0,M,source_recorded,4.0,ASY,source_recorded,130.0,130,source_recorded,233.0,233,source_recorded,0.0,0,source_recorded,0.0,Normal,source_recorded,121.0,121,source_recorded,1.0,Y,source_recorded,2.0,2.0,source_recorded,2.0,Flat,source_recorded
52,Hungarian,processed.hungarian.data,283,0,1,0,1,1,1,47.0,47,source_recorded,0.0,F,source_recorded,4.0,ASY,source_recorded,120.0,120,source_recorded,205.0,205,source_recorded,0.0,0,source_recorded,0.0,Normal,source_recorded,98.0,98,source_recorded,1.0,Y,source_recorded,2.0,2.0,source_recorded,2.0,Flat,source_recorded
53,Hungarian,processed.hungarian.data,75,0,1,0,1,0,0,45.0,45,source_recorded,1.0,M,source_recorded,2.0,ATA,source_recorded,140.0,140,source_recorded,224.0,224,source_recorded,1.0,1,source_recorded,0.0,Normal,source_recorded,122.0,122,source_recorded,0.0,N,source_recorded,0.0,0.0,source_recorded,?,Up,completed
54,Hungarian,processed.hungarian.data,48,0,1,0,1,0,0,41.0,41,source_recorded,0.0,F,source_recorded,2.0,ATA,source_recorded,130.0,130,source_recorded,245.0,245,source_recorded,0.0,0,source_recorded,0.0,Normal,source_recorded,150.0,150,source_recorded,0.0,N,source_recorded,0.0,0.0,source_recorded,?,Up,completed
55,Hungarian,processed.hungarian.data,127,0,1,0,1,0,0,52.0,52,source_recorded,0.0,F,source_recorded,4.0,ASY,source_recorded,130.0,130,source_recorded,180.0,180,source_recorded,0.0,0,source_recorded,0.0,Normal,source_recorded,140.0,140,source_recorded,1.0,Y,source_recorded,1.5,1.5,source_recorded,2.0,Flat,source_recorded
56,Hungarian,processed.hungarian.data,117,0,1,0,1,0,0,51.0,51,source_recorded,0.0,F,source_recorded,2.0,ATA,source_recorded,160.0,160,source_recorded,194.0,194,source_recorded,0.0,0,source_recorded,0.0,Normal,source_recorded,170.0,170,source_recorded,0.0,N,source_recorded,0.0,0.0,source_recorded,?,Up,completed
57,Hungarian,processed.hungarian.data,189,0,1,0,1,1,1,31.0,31,source_recorded,1.0,M,source_recorded,4.0,ASY,source_recorded,120.0,120,source_recorded,270.0,270,source_recorded,0.0,0,source_recorded,0.0,Normal,source_recorded,153.0,153,source_recorded,1.0,Y,source_recorded,1.5,1.5,source_recorded,2.0,Flat,source_recorded
58,Hungarian,processed.hungarian.data,221,0,1,0,1,1,1,58.0,58,source_recorded,1.0,M,source_recorded,3.0,NAP,source_recorded,130.0,130,source_recorded,213.0,213,source_recorded,0.0,0,source_recorded,1.0,ST,source_recorded,140.0,140,source_recorded,0.0,N,source_recorded,0.0,0.0,source_recorded,?,Flat,completed
59,Hungarian,processed.hungarian.data,156,0,1,0,1,0,0,54.0,54,source_recorded,1.0,M,source_recorded,4.0,ASY,source_recorded,150.0,150,source_recorded,365.0,365,source_recorded,0.0,0,source_recorded,1.0,ST,source_recorded,134.0,134,source_recorded,0.0,N,source_recorded,1.0,1.0,source_recorded,1.0,Up,source_recorded
60,Hungarian,processed.hungarian.data,262,0,1,0,1,1,1,52.0,52,source_recorded,1.0,M,source_recorded,4.0,ASY,source_recorded,112.0,112,source_recorded,342.0,342,source_recorded,0.0,0,source_recorded,1.0,ST,source_recorded,96.0,96,source_recorded,1.0,Y,source_recorded,1.0,1.0,source_recorded,2.0,Flat,source_recorded
61,Hungarian,processed.hungarian.data,106,0,1,0,1,0,0,49.0,49,source_recorded,1.0,M,source_recorded,2.0,ATA,source_recorded,100.0,100,source_recorded,253.0,253,source_recorded,0.0,0,source_recorded,0.0,Normal,source_recorded,174.0,174,source_recorded,0.0,N,source_recorded,0.0,0.0,source_recorded,?,Up,completed
62,Hungarian,processed.hungarian.data,66,0,1,0,1,0,0,43.0,43,source_recorded,0.0,F,source_recorded,3.0,NAP,source_recorded,150.0,150,source_recorded,?,254,completed,0.0,0,source_recorded,0.0,Normal,source_recorded,175.0,175,source_recorded,0.0,N,source_recorded,0.0,0.0,source_recorded,?,Up,completed
63,Hungarian,processed.hungarian.data,78,0,1,0,1,0,0,45.0,45,source_recorded,1.0,M,source_recorded,4.0,ASY,source_recorded,140.0,140,source_recorded,224.0,224,source_recorded,0.0,0,source_recorded,0.0,Normal,source_recorded,144.0,144,source_recorded,0.0,N,source_recorded,0.0,0.0,source_recorded,?,Up,completed
64,Hungarian,processed.hungarian.data,204,0,1,0,1,1,1,46.0,46,source_recorded,1.0,M,source_recorded,4.0,ASY,source_recorded,120.0,120,source_recorded,277.0,277,source_recorded,0.0,0,source_recorded,0.0,Normal,source_recorded,125.0,125,source_recorded,1.0,Y,source_recorded,1.0,1.0,source_recorded,2.0,Flat,source_recorded
65,Hungarian,processed.hungarian.data,110,0,1,0,1,0,0,50.0,50,source_recorded,0.0,F,source_recorded,2.0,ATA,source_recorded,110.0,110,source_recorded,202.0,202,source_recorded,0.0,0,source_recorded,0.0,Normal,source_recorded,145.0,145,source_recorded,0.0,N,source_recorded,0.0,0.0,source_recorded,?,Up,completed
66,Hungarian,processed.hungarian.data,21,0,1,0,1,0,0,37.0,37,source_recorded,0.0,F,source_recorded,2.0,ATA,source_recorded,120.0,120,source_recorded,260.0,260,source_recorded,0.0,0,source_recorded,0.0,Normal,source_recorded,130.0,130,source_recorded,0.0,N,source_recorded,0.0,0.0,source_recorded,?,Up,completed
67,Hungarian,processed.hungarian.data,74,0,1,0,1,0,0,45.0,45,source_recorded,0.0,F,source_recorded,4.0,ASY,source_recorded,132.0,132,source_recorded,297.0,297,source_recorded,0.0,0,source_recorded,0.0,Normal,source_recorded,144.0,144,source_recorded,0.0,N,source_recorded,0.0,0.0,source_recorded,?,Up,completed
68,Hungarian,processed.hungarian.data,7,0,1,0,1,0,0,32.0,32,source_recorded,1.0,M,source_recorded,2.0,ATA,source_recorded,110.0,110,source_recorded,225.0,225,source_recorded,0.0,0,source_recorded,0.0,Normal,source_recorded,184.0,184,source_recorded,0.0,N,source_recorded,0.0,0.0,source_recorded,?,Up,completed
69,Hungarian,processed.hungarian.data,265,0,1,0,1,1,1,52.0,52,source_recorded,1.0,M,source_recorded,4.0,ASY,source_recorded,160.0,160,source_recorded,246.0,246,source_recorded,0.0,0,source_recorded,1.0,ST,source_recorded,82.0,82,source_recorded,1.0,Y,source_recorded,4.0,4.0,source_recorded,2.0,Flat,source_recorded
70,Hungarian,processed.hungarian.data,71,0,1,0,1,0,0,44.0,44,source_recorded,1.0,M,source_recorded,4.0,ASY,source_recorded,150.0,150,source_recorded,412.0,412,source_recorded,0.0,0,source_recorded,0.0,Normal,source_recorded,170.0,170,source_recorded,0.0,N,source_recorded,0.0,0.0,source_recorded,?,Up,completed
71,Hungarian,processed.hungarian.data,220,0,1,0,1,1,1,57.0,57,source_recorded,1.0,M,source_recorded,2.0,ATA,source_recorded,140.0,140,source_recorded,265.0,265,source_recorded,0.0,0,source_recorded,1.0,ST,source_recorded,145.0,145,source_recorded,1.0,Y,source_recorded,1.0,1.0,source_recorded,2.0,Flat,source_recorded
72,Hungarian,processed.hungarian.data,70,0,1,0,1,0,0,44.0,44,source_recorded,1.0,M,source_recorded,2.0,ATA,source_recorded,130.0,130,source_recorded,215.0,215,source_recorded,0.0,0,source_recorded,0.0,Normal,source_recorded,135.0,135,source_recorded,0.0,N,source_recorded,0.0,0.0,source_recorded,?,Up,completed
73,Hungarian,processed.hungarian.data,239,0,1,0,1,1,1,52.0,52,source_recorded,1.0,M,source_recorded,4.0,ASY,source_recorded,120.0,120,source_recorded,182.0,182,source_recorded,0.0,0,source_recorded,0.0,Normal,source_recorded,150.0,150,source_recorded,0.0,N,source_recorded,0.0,0.0,source_recorded,?,Flat,completed
74,Hungarian,processed.hungarian.data,68,0,1,0,1,0,0,44.0,44,source_recorded,0.0,F,source_recorded,4.0,ASY,source_recorded,120.0,120,source_recorded,218.0,218,source_recorded,0.0,0,source_recorded,1.0,ST,source_recorded,115.0,115,source_recorded,0.0,N,source_recorded,0.0,0.0,source_recorded,?,Up,completed
75,Hungarian,processed.hungarian.data,247,0,1,0,1,1,1,55.0,55,source_recorded,1.0,M,source_recorded,4.0,ASY,source_recorded,140.0,140,source_recorded,268.0,268,source_recorded,0.0,0,source_recorded,0.0,Normal,source_recorded,128.0,128,source_recorded,1.0,Y,source_recorded,1.5,1.5,source_recorded,2.0,Flat,source_recorded
76,Hungarian,processed.hungarian.data,82,0,1,0,1,0,0,46.0,46,source_recorded,1.0,M,source_recorded,3.0,NAP,source_recorded,150.0,150,source_recorded,163.0,163,source_recorded,?,0,completed,0.0,Normal,source_recorded,116.0,116,source_recorded,0.0,N,source_recorded,0.0,0.0,source_recorded,?,Up,completed
77,Hungarian,processed.hungarian.data,226,0,1,0,1,1,1,32.0,32,source_recorded,1.0,M,source_recorded,4.0,ASY,source_recorded,118.0,118,source_recorded,529.0,529,source_recorded,0.0,0,source_recorded,0.0,Normal,source_recorded,130.0,130,source_recorded,0.0,N,source_recorded,0.0,0.0,source_recorded,?,Flat,completed
78,Hungarian,processed.hungarian.data,14,0,1,0,1,0,0,35.0,35,source_recorded,0.0,F,source_recorded,4.0,ASY,source_recorded,140.0,140,source_recorded,167.0,167,source_recorded,0.0,0,source_recorded,0.0,Normal,source_recorded,150.0,150,source_recorded,0.0,N,source_recorded,0.0,0.0,source_recorded,?,Up,completed
79,Hungarian,processed.hungarian.data,129,0,1,0,1,0,0,52.0,52,source_recorded,1.0,M,source_recorded,2.0,ATA,source_recorded,140.0,140,source_recorded,100.0,100,source_recorded,0.0,0,source_recorded,0.0,Normal,source_recorded,138.0,138,source_recorded,1.0,Y,source_recorded,0.0,0.0,source_recorded,?,Up,completed
80,Hungarian,processed.hungarian.data,212,0,1,0,1,1,1,49.0,49,source_recorded,1.0,M,source_recorded,4.0,ASY,source_recorded,130.0,130,source_recorded,206.0,206,source_recorded,0.0,0,source_recorded,0.0,Normal,source_recorded,170.0,170,source_recorded,0.0,N,source_recorded,0.0,0.0,source_recorded,?,Flat,completed
81,Hungarian,processed.hungarian.data,163,0,1,0,1,0,0,55.0,55,source_recorded,1.0,M,source_recorded,3.0,NAP,source_recorded,110.0,110,source_recorded,277.0,277,source_recorded,0.0,0,source_recorded,0.0,Normal,source_recorded,160.0,160,source_recorded,0.0,N,source_recorded,0.0,0.0,source_recorded,?,Up,completed
82,Hungarian,processed.hungarian.data,150,0,1,0,1,0,0,54.0,54,source_recorded,1.0,M,source_recorded,2.0,ATA,source_recorded,120.0,120,source_recorded,238.0,238,source_recorded,0.0,0,source_recorded,0.0,Normal,source_recorded,154.0,154,source_recorded,0.0,N,source_recorded,0.0,0.0,source_recorded,?,Up,completed
83,Hungarian,processed.hungarian.data,224,0,1,0,1,1,1,63.0,63,source_recorded,1.0,M,source_recorded,4.0,ASY,source_recorded,150.0,150,source_recorded,223.0,223,source_recorded,0.0,0,source_recorded,0.0,Normal,source_recorded,115.0,115,source_recorded,0.0,N,source_recorded,0.0,0.0,source_recorded,?,Flat,completed
84,Hungarian,processed.hungarian.data,130,0,1,0,1,0,0,52.0,52,source_recorded,1.0,M,source_recorded,2.0,ATA,source_recorded,160.0,160,source_recorded,196.0,196,source_recorded,0.0,0,source_recorded,0.0,Normal,source_recorded,165.0,165,source_recorded,0.0,N,source_recorded,0.0,0.0,source_recorded,?,Up,completed
85,Hungarian,processed.hungarian.data,248,0,1,0,1,1,1,56.0,56,source_recorded,1.0,M,source_recorded,4.0,ASY,source_recorded,150.0,150,source_recorded,213.0,213,source_recorded,1.0,1,source_recorded,0.0,Normal,source_recorded,125.0,125,source_recorded,1.0,Y,source_recorded,1.0,1.0,source_recorded,2.0,Flat,source_recorded
86,Hungarian,processed.hungarian.data,279,0,1,0,1,1,1,66.0,66,source_recorded,1.0,M,source_recorded,4.0,ASY,source_recorded,140.0,140,source_recorded,?,139,completed,0.0,0,source_recorded,0.0,Normal,source_recorded,94.0,94,source_recorded,1.0,Y,source_recorded,1.0,1.0,source_recorded,2.0,Flat,source_recorded
87,Hungarian,processed.hungarian.data,278,0,1,0,1,1,1,65.0,65,source_recorded,1.0,M,source_recorded,4.0,ASY,source_recorded,170.0,170,source_recorded,263.0,263,source_recorded,1.0,1,source_recorded,0.0,Normal,source_recorded,112.0,112,source_recorded,1.0,Y,source_recorded,2.0,2.0,source_recorded,2.0,Flat,source_recorded
88,Hungarian,processed.hungarian.data,133,0,1,0,1,0,0,53.0,53,source_recorded,0.0,F,source_recorded,2.0,ATA,source_recorded,140.0,140,source_recorded,216.0,216,source_recorded,0.0,0,source_recorded,0.0,Normal,source_recorded,142.0,142,source_recorded,1.0,Y,source_recorded,2.0,2.0,source_recorded,2.0,Flat,source_recorded
89,Hungarian,processed.hungarian.data,230,0,1,0,1,1,1,43.0,43,source_recorded,1.0,M,source_recorded,1.0,TA,source_recorded,120.0,120,source_recorded,291.0,291,source_recorded,0.0,0,source_recorded,1.0,ST,source_recorded,155.0,155,source_recorded,0.0,N,source_recorded,0.0,0.0,source_recorded,?,Flat,completed
90,Hungarian,processed.hungarian.data,166,0,1,0,1,0,0,55.0,55,source_recorded,1.0,M,source_recorded,4.0,ASY,source_recorded,140.0,140,source_recorded,229.0,229,source_recorded,0.0,0,source_recorded,0.0,Normal,source_recorded,110.0,110,source_recorded,1.0,Y,source_recorded,0.5,0.5,source_recorded,2.0,Flat,source_recorded
91,Hungarian,processed.hungarian.data,102,0,0,0,1,0,0,49.0,49,source_recorded,0.0,F,source_recorded,2.0,ATA,source_recorded,110.0,110,source_recorded,?,208,completed,0.0,0,source_recorded,0.0,Normal,source_recorded,160.0,160,source_recorded,0.0,N,source_recorded,0.0,0.0,source_recorded,?,Up,completed
92,Hungarian,processed.hungarian.data,40,0,1,0,1,0,0,39.0,39,source_recorded,1.0,M,source_recorded,4.0,ASY,source_recorded,130.0,130,source_recorded,307.0,307,source_recorded,0.0,0,source_recorded,0.0,Normal,source_recorded,140.0,140,source_recorded,0.0,N,source_recorded,0.0,0.0,source_recorded,?,Up,completed
93,Hungarian,processed.hungarian.data,124,0,1,0,1,0,0,52.0,52,source_recorded,0.0,F,source_recorded,2.0,ATA,source_recorded,120.0,120,source_recorded,210.0,210,source_recorded,0.0,0,source_recorded,0.0,Normal,source_recorded,148.0,148,source_recorded,0.0,N,source_recorded,0.0,0.0,source_recorded,?,Up,completed
94,Hungarian,processed.hungarian.data,236,0,1,0,1,1,1,48.0,48,source_recorded,1.0,M,source_recorded,4.0,ASY,source_recorded,160.0,160,source_recorded,329.0,329,source_recorded,0.0,0,source_recorded,0.0,Normal,source_recorded,92.0,92,source_recorded,1.0,Y,source_recorded,1.5,1.5,source_recorded,2.0,Flat,source_recorded
95,Hungarian,processed.hungarian.data,31,0,1,0,1,0,0,39.0,39,source_recorded,0.0,F,source_recorded,3.0,NAP,source_recorded,110.0,110,source_recorded,182.0,182,source_recorded,0.0,0,source_recorded,1.0,ST,source_recorded,180.0,180,source_recorded,0.0,N,source_recorded,0.0,0.0,source_recorded,?,Up,completed
96,Hungarian,processed.hungarian.data,251,0,1,0,1,1,1,58.0,58,source_recorded,1.0,M,source_recorded,4.0,ASY,source_recorded,130.0,130,source_recorded,263.0,263,source_recorded,0.0,0,source_recorded,0.0,Normal,source_recorded,140.0,140,source_recorded,1.0,Y,source_recorded,2.0,2.0,source_recorded,2.0,Flat,source_recorded
97,Hungarian,processed.hungarian.data,67,0,1,0,1,0,0,43.0,43,source_recorded,1.0,M,source_recorded,2.0,ATA,source_recorded,142.0,142,source_recorded,207.0,207,source_recorded,0.0,0,source_recorded,0.0,Normal,source_recorded,138.0,138,source_recorded,0.0,N,source_recorded,0.0,0.0,source_recorded,?,Up,completed
98,Hungarian,processed.hungarian.data,38,0,1,0,1,0,0,39.0,39,source_recorded,1.0,M,source_recorded,3.0,NAP,source_recorded,160.0,160,source_recorded,147.0,147,source_recorded,1.0,1,source_recorded,0.0,Normal,source_recorded,160.0,160,source_recorded,0.0,N,source_recorded,0.0,0.0,source_recorded,?,Up,completed
99,Hungarian,processed.hungarian.data,171,0,1,0,1,0,0,56.0,56,source_recorded,1.0,M,source_recorded,4.0,ASY,source_recorded,120.0,120,source_recorded,85.0,85,source_recorded,0.0,0,source_recorded,0.0,Normal,source_recorded,140.0,140,source_recorded,0.0,N,source_recorded,0.0,0.0,source_recorded,?,Up,completed
100,Hungarian,processed.hungarian.data,51,0,1,0,1,0,0,41.0,41,source_recorded,1.0,M,source_recorded,2.0,ATA,source_recorded,125.0,125,source_recorded,269.0,269,source_recorded,0.0,0,source_recorded,0.0,Normal,source_recorded,144.0,144,source_recorded,0.0,N,source_recorded,0.0,0.0,source_recorded,?,Up,completed
101,Hungarian,processed.hungarian.data,294,0,1,0,1,1,1,65.0,65,source_recorded,1.0,M,source_recorded,4.0,ASY,source_recorded,130.0,130,source_recorded,275.0,275,source_recorded,0.0,0,source_recorded,1.0,ST,source_recorded,115.0,115,source_recorded,1.0,Y,source_recorded,1.0,1.0,source_recorded,2.0,Flat,source_recorded
102,Hungarian,processed.hungarian.data,123,0,1,0,1,0,0,51.0,51,source_recorded,1.0,M,source_recorded,4.0,ASY,source_recorded,130.0,130,source_recorded,179.0,179,source_recorded,0.0,0,source_recorded,0.0,Normal,source_recorded,100.0,100,source_recorded,0.0,N,source_recorded,0.0,0.0,source_recorded,?,Up,completed
103,Hungarian,processed.hungarian.data,229,0,1,0,1,1,1,40.0,40,source_recorded,0.0,F,source_recorded,4.0,ASY,source_recorded,150.0,150,source_recorded,392.0,392,source_recorded,0.0,0,source_recorded,0.0,Normal,source_recorded,130.0,130,source_recorded,0.0,N,source_recorded,2.0,2.0,source_recorded,2.0,Flat,source_recorded
104,Hungarian,processed.hungarian.data,198,0,1,0,1,1,1,40.0,40,source_recorded,1.0,M,source_recorded,4.0,ASY,source_recorded,120.0,120,source_recorded,466.0,466,source_recorded,?,1,completed,0.0,Normal,source_recorded,152.0,152,source_recorded,1.0,Y,source_recorded,1.0,1.0,source_recorded,2.0,Flat,source_recorded
105,Hungarian,processed.hungarian.data,203,0,1,0,1,1,1,46.0,46,source_recorded,1.0,M,source_recorded,4.0,ASY,source_recorded,118.0,118,source_recorded,186.0,186,source_recorded,0.0,0,source_recorded,0.0,Normal,source_recorded,124.0,124,source_recorded,0.0,N,source_recorded,0.0,0.0,source_recorded,?,Flat,completed
106,Hungarian,processed.hungarian.data,174,0,1,0,1,0,0,57.0,57,source_recorded,1.0,M,source_recorded,2.0,ATA,source_recorded,140.0,140,source_recorded,260.0,260,source_recorded,1.0,1,source_recorded,0.0,Normal,source_recorded,140.0,140,source_recorded,0.0,N,source_recorded,0.0,0.0,source_recorded,?,Up,completed
107,Hungarian,processed.hungarian.data,96,0,1,0,1,0,0,48.0,48,source_recorded,0.0,F,source_recorded,4.0,ASY,source_recorded,120.0,120,source_recorded,254.0,254,source_recorded,0.0,0,source_recorded,1.0,ST,source_recorded,110.0,110,source_recorded,0.0,N,source_recorded,0.0,0.0,source_recorded,?,Up,completed
108,Hungarian,processed.hungarian.data,11,0,1,0,1,0,0,34.0,34,source_recorded,1.0,M,source_recorded,2.0,ATA,source_recorded,150.0,150,source_recorded,214.0,214,source_recorded,0.0,0,source_recorded,1.0,ST,source_recorded,168.0,168,source_recorded,0.0,N,source_recorded,0.0,0.0,source_recorded,?,Up,completed
109,Hungarian,processed.hungarian.data,115,0,1,0,1,0,0,50.0,50,source_recorded,1.0,M,source_recorded,4.0,ASY,source_recorded,140.0,140,source_recorded,129.0,129,source_recorded,0.0,0,source_recorded,0.0,Normal,source_recorded,135.0,135,source_recorded,0.0,N,source_recorded,0.0,0.0,source_recorded,?,Up,completed
110,Hungarian,processed.hungarian.data,36,0,1,0,1,0,0,39.0,39,source_recorded,1.0,M,source_recorded,2.0,ATA,source_recorded,190.0,190,source_recorded,241.0,241,source_recorded,0.0,0,source_recorded,0.0,Normal,source_recorded,106.0,106,source_recorded,0.0,N,source_recorded,0.0,0.0,source_recorded,?,Up,completed
111,Hungarian,processed.hungarian.data,179,0,1,0,1,0,0,59.0,59,source_recorded,0.0,F,source_recorded,2.0,ATA,source_recorded,130.0,130,source_recorded,188.0,188,source_recorded,0.0,0,source_recorded,0.0,Normal,source_recorded,124.0,124,source_recorded,0.0,N,source_recorded,1.0,1.0,source_recorded,2.0,Flat,source_recorded
112,Hungarian,processed.hungarian.data,249,0,1,0,1,1,1,57.0,57,source_recorded,1.0,M,source_recorded,4.0,ASY,source_recorded,150.0,150,source_recorded,255.0,255,source_recorded,0.0,0,source_recorded,0.0,Normal,source_recorded,92.0,92,source_recorded,1.0,Y,source_recorded,3.0,3.0,source_recorded,2.0,Flat,source_recorded
113,Hungarian,processed.hungarian.data,90,0,1,0,1,0,0,47.0,47,source_recorded,1.0,M,source_recorded,4.0,ASY,source_recorded,140.0,140,source_recorded,276.0,276,source_recorded,1.0,1,source_recorded,0.0,Normal,source_recorded,125.0,125,source_recorded,1.0,Y,source_recorded,0.0,0.0,source_recorded,?,Up,completed
114,Hungarian,processed.hungarian.data,29,0,1,0,1,0,0,38.0,38,source_recorded,1.0,M,source_recorded,2.0,ATA,source_recorded,140.0,140,source_recorded,297.0,297,source_recorded,0.0,0,source_recorded,0.0,Normal,source_recorded,150.0,150,source_recorded,0.0,N,source_recorded,0.0,0.0,source_recorded,?,Up,completed
115,Hungarian,processed.hungarian.data,105,0,1,0,1,0,0,49.0,49,source_recorded,0.0,F,source_recorded,3.0,NAP,source_recorded,130.0,130,source_recorded,207.0,207,source_recorded,0.0,0,source_recorded,1.0,ST,source_recorded,135.0,135,source_recorded,0.0,N,source_recorded,0.0,0.0,source_recorded,?,Up,completed
116,Hungarian,processed.hungarian.data,190,0,1,0,1,1,1,33.0,33,source_recorded,0.0,F,source_recorded,4.0,ASY,source_recorded,100.0,100,source_recorded,246.0,246,source_recorded,0.0,0,source_recorded,0.0,Normal,source_recorded,150.0,150,source_recorded,1.0,Y,source_recorded,1.0,1.0,source_recorded,2.0,Flat,source_recorded
117,Hungarian,processed.hungarian.data,196,0,1,0,1,1,1,38.0,38,source_recorded,1.0,M,source_recorded,4.0,ASY,source_recorded,120.0,120,source_recorded,282.0,282,source_recorded,0.0,0,source_recorded,0.0,Normal,source_recorded,170.0,170,source_recorded,0.0,N,source_recorded,0.0,0.0,source_recorded,?,Flat,completed
118,Hungarian,processed.hungarian.data,222,0,1,0,1,1,1,59.0,59,source_recorded,0.0,F,source_recorded,4.0,ASY,source_recorded,130.0,130,source_recorded,338.0,338,source_recorded,1.0,1,source_recorded,1.0,ST,source_recorded,130.0,130,source_recorded,1.0,Y,source_recorded,1.5,1.5,source_recorded,2.0,Flat,source_recorded
119,Hungarian,processed.hungarian.data,13,0,1,0,1,0,0,35.0,35,source_recorded,0.0,F,source_recorded,1.0,TA,source_recorded,120.0,120,source_recorded,160.0,160,source_recorded,0.0,0,source_recorded,1.0,ST,source_recorded,185.0,185,source_recorded,0.0,N,source_recorded,0.0,0.0,source_recorded,?,Up,completed
120,Hungarian,processed.hungarian.data,191,0,1,0,1,1,1,34.0,34,source_recorded,1.0,M,source_recorded,1.0,TA,source_recorded,140.0,140,source_recorded,156.0,156,source_recorded,0.0,0,source_recorded,0.0,Normal,source_recorded,180.0,180,source_recorded,0.0,N,source_recorded,0.0,0.0,source_recorded,?,Flat,completed
121,Hungarian,processed.hungarian.data,257,0,1,0,1,1,1,47.0,47,source_recorded,0.0,F,source_recorded,3.0,NAP,source_recorded,135.0,135,source_recorded,248.0,248,source_recorded,1.0,1,source_recorded,0.0,Normal,source_recorded,170.0,170,source_recorded,0.0,N,source_recorded,0.0,0.0,source_recorded,?,Flat,completed
122,Hungarian,processed.hungarian.data,126,0,1,0,1,0,0,52.0,52,source_recorded,0.0,F,source_recorded,3.0,NAP,source_recorded,125.0,125,source_recorded,272.0,272,source_recorded,0.0,0,source_recorded,0.0,Normal,source_recorded,139.0,139,source_recorded,0.0,N,source_recorded,0.0,0.0,source_recorded,?,Up,completed
123,Hungarian,processed.hungarian.data,84,0,1,0,1,0,0,46.0,46,source_recorded,1.0,M,source_recorded,4.0,ASY,source_recorded,110.0,110,source_recorded,240.0,240,source_recorded,0.0,0,source_recorded,1.0,ST,source_recorded,140.0,140,source_recorded,0.0,N,source_recorded,0.0,0.0,source_recorded,?,Up,completed
124,Hungarian,processed.hungarian.data,293,0,1,0,1,1,1,58.0,58,source_recorded,0.0,F,source_recorded,2.0,ATA,source_recorded,180.0,180,source_recorded,393.0,393,source_recorded,0.0,0,source_recorded,0.0,Normal,source_recorded,110.0,110,source_recorded,1.0,Y,source_recorded,1.0,1.0,source_recorded,2.0,Flat,source_recorded
125,Hungarian,processed.hungarian.data,175,0,1,0,1,0,0,58.0,58,source_recorded,1.0,M,source_recorded,2.0,ATA,source_recorded,130.0,130,source_recorded,230.0,230,source_recorded,0.0,0,source_recorded,0.0,Normal,source_recorded,150.0,150,source_recorded,0.0,N,source_recorded,0.0,0.0,source_recorded,?,Up,completed
126,Hungarian,processed.hungarian.data,151,0,1,0,1,0,0,54.0,54,source_recorded,1.0,M,source_recorded,2.0,ATA,source_recorded,120.0,120,source_recorded,246.0,246,source_recorded,0.0,0,source_recorded,0.0,Normal,source_recorded,110.0,110,source_recorded,0.0,N,source_recorded,0.0,0.0,source_recorded,?,Up,completed
127,Hungarian,processed.hungarian.data,10,0,1,0,1,0,0,34.0,34,source_recorded,0.0,F,source_recorded,2.0,ATA,source_recorded,130.0,130,source_recorded,161.0,161,source_recorded,0.0,0,source_recorded,0.0,Normal,source_recorded,190.0,190,source_recorded,0.0,N,source_recorded,0.0,0.0,source_recorded,?,Up,completed
128,Hungarian,processed.hungarian.data,95,0,1,0,1,0,0,48.0,48,source_recorded,0.0,F,source_recorded,4.0,ASY,source_recorded,108.0,108,source_recorded,163.0,163,source_recorded,0.0,0,source_recorded,0.0,Normal,source_recorded,175.0,175,source_recorded,0.0,N,source_recorded,2.0,2.0,source_recorded,1.0,Up,source_recorded
129,Hungarian,processed.hungarian.data,142,0,1,0,1,0,0,54.0,54,source_recorded,0.0,F,source_recorded,2.0,ATA,source_recorded,120.0,120,source_recorded,230.0,230,source_recorded,1.0,1,source_recorded,0.0,Normal,source_recorded,140.0,140,source_recorded,0.0,N,source_recorded,0.0,0.0,source_recorded,?,Up,completed
130,Hungarian,processed.hungarian.data,57,0,1,0,1,0,0,42.0,42,source_recorded,1.0,M,source_recorded,3.0,NAP,source_recorded,120.0,120,source_recorded,228.0,228,source_recorded,0.0,0,source_recorded,0.0,Normal,source_recorded,152.0,152,source_recorded,1.0,Y,source_recorded,1.5,1.5,source_recorded,2.0,Flat,source_recorded
131,Hungarian,processed.hungarian.data,30,0,1,0,1,0,0,38.0,38,source_recorded,1.0,M,source_recorded,3.0,NAP,source_recorded,145.0,145,source_recorded,292.0,292,source_recorded,0.0,0,source_recorded,0.0,Normal,source_recorded,130.0,130,source_recorded,0.0,N,source_recorded,0.0,0.0,source_recorded,?,Up,completed
132,Hungarian,processed.hungarian.data,202,0,1,0,1,1,1,46.0,46,source_recorded,1.0,M,source_recorded,4.0,ASY,source_recorded,110.0,110,source_recorded,202.0,202,source_recorded,0.0,0,source_recorded,0.0,Normal,source_recorded,150.0,150,source_recorded,1.0,Y,source_recorded,0.0,0.0,source_recorded,?,Flat,completed
133,Hungarian,processed.hungarian.data,274,0,1,0,1,1,1,56.0,56,source_recorded,1.0,M,source_recorded,4.0,ASY,source_recorded,170.0,170,source_recorded,388.0,388,source_recorded,0.0,0,source_recorded,1.0,ST,source_recorded,122.0,122,source_recorded,1.0,Y,source_recorded,2.0,2.0,source_recorded,2.0,Flat,source_recorded
134,Hungarian,processed.hungarian.data,273,0,1,0,1,1,1,56.0,56,source_recorded,1.0,M,source_recorded,4.0,ASY,source_recorded,150.0,150,source_recorded,230.0,230,source_recorded,0.0,0,source_recorded,1.0,ST,source_recorded,124.0,124,source_recorded,1.0,Y,source_recorded,1.5,1.5,source_recorded,2.0,Flat,source_recorded
135,Hungarian,processed.hungarian.data,185,0,1,0,1,0,0,61.0,61,source_recorded,0.0,F,source_recorded,4.0,ASY,source_recorded,130.0,130,source_recorded,294.0,294,source_recorded,0.0,0,source_recorded,1.0,ST,source_recorded,120.0,120,source_recorded,1.0,Y,source_recorded,1.0,1.0,source_recorded,2.0,Flat,source_recorded
136,Hungarian,processed.hungarian.data,211,0,1,0,1,1,1,49.0,49,source_recorded,1.0,M,source_recorded,3.0,NAP,source_recorded,115.0,115,source_recorded,265.0,265,source_recorded,0.0,0,source_recorded,0.0,Normal,source_recorded,175.0,175,source_recorded,0.0,N,source_recorded,0.0,0.0,source_recorded,?,Flat,completed
137,Hungarian,processed.hungarian.data,62,0,1,0,1,0,0,43.0,43,source_recorded,0.0,F,source_recorded,2.0,ATA,source_recorded,120.0,120,source_recorded,215.0,215,source_recorded,0.0,0,source_recorded,1.0,ST,source_recorded,175.0,175,source_recorded,0.0,N,source_recorded,0.0,0.0,source_recorded,?,Up,completed
138,Hungarian,processed.hungarian.data,32,0,1,0,1,0,0,39.0,39,source_recorded,1.0,M,source_recorded,2.0,ATA,source_recorded,120.0,120,source_recorded,?,241,completed,0.0,0,source_recorded,1.0,ST,source_recorded,146.0,146,source_recorded,0.0,N,source_recorded,2.0,2.0,source_recorded,1.0,Up,source_recorded
139,Hungarian,processed.hungarian.data,245,0,1,0,1,1,1,54.0,54,source_recorded,1.0,M,source_recorded,4.0,ASY,source_recorded,140.0,140,source_recorded,?,166,completed,0.0,0,source_recorded,0.0,Normal,source_recorded,118.0,118,source_recorded,1.0,Y,source_recorded,0.0,0.0,source_recorded,?,Flat,completed
140,Hungarian,processed.hungarian.data,201,0,1,0,1,1,1,43.0,43,source_recorded,1.0,M,source_recorded,4.0,ASY,source_recorded,150.0,150,source_recorded,247.0,247,source_recorded,0.0,0,source_recorded,0.0,Normal,source_recorded,130.0,130,source_recorded,1.0,Y,source_recorded,2.0,2.0,source_recorded,2.0,Flat,source_recorded
141,Hungarian,processed.hungarian.data,290,0,1,0,1,1,1,52.0,52,source_recorded,1.0,M,source_recorded,4.0,ASY,source_recorded,160.0,160,source_recorded,331.0,331,source_recorded,0.0,0,source_recorded,0.0,Normal,source_recorded,94.0,94,source_recorded,1.0,Y,source_recorded,2.5,2.5,source_recorded,?,Flat,completed
142,Hungarian,processed.hungarian.data,288,0,1,0,1,1,1,50.0,50,source_recorded,1.0,M,source_recorded,4.0,ASY,source_recorded,140.0,140,source_recorded,341.0,341,source_recorded,0.0,0,source_recorded,1.0,ST,source_recorded,125.0,125,source_recorded,1.0,Y,source_recorded,2.5,2.5,source_recorded,2.0,Flat,source_recorded
143,Hungarian,processed.hungarian.data,284,0,1,0,1,1,1,47.0,47,source_recorded,1.0,M,source_recorded,4.0,ASY,source_recorded,160.0,160,source_recorded,291.0,291,source_recorded,0.0,0,source_recorded,1.0,ST,source_recorded,158.0,158,source_recorded,1.0,Y,source_recorded,3.0,3.0,source_recorded,2.0,Flat,source_recorded
144,Hungarian,processed.hungarian.data,140,0,1,0,1,0,0,53.0,53,source_recorded,1.0,M,source_recorded,4.0,ASY,source_recorded,140.0,140,source_recorded,243.0,243,source_recorded,0.0,0,source_recorded,0.0,Normal,source_recorded,155.0,155,source_recorded,0.0,N,source_recorded,0.0,0.0,source_recorded,?,Up,completed
145,Hungarian,processed.hungarian.data,272,0,1,0,1,1,1,56.0,56,source_recorded,0.0,F,source_recorded,2.0,ATA,source_recorded,120.0,120,source_recorded,279.0,279,source_recorded,0.0,0,source_recorded,0.0,Normal,source_recorded,150.0,150,source_recorded,0.0,N,source_recorded,1.0,1.0,source_recorded,2.0,Flat,source_recorded
146,Hungarian,processed.hungarian.data,39,0,1,0,1,0,0,39.0,39,source_recorded,1.0,M,source_recorded,4.0,ASY,source_recorded,110.0,110,source_recorded,273.0,273,source_recorded,0.0,0,source_recorded,0.0,Normal,source_recorded,132.0,132,source_recorded,0.0,N,source_recorded,0.0,0.0,source_recorded,?,Up,completed
147,Hungarian,processed.hungarian.data,55,0,1,0,1,0,0,42.0,42,source_recorded,1.0,M,source_recorded,2.0,ATA,source_recorded,120.0,120,source_recorded,198.0,198,source_recorded,0.0,0,source_recorded,0.0,Normal,source_recorded,155.0,155,source_recorded,0.0,N,source_recorded,0.0,0.0,source_recorded,?,Up,completed
148,Hungarian,processed.hungarian.data,63,0,1,0,1,0,0,43.0,43,source_recorded,0.0,F,source_recorded,2.0,ATA,source_recorded,120.0,120,source_recorded,249.0,249,source_recorded,0.0,0,source_recorded,1.0,ST,source_recorded,176.0,176,source_recorded,0.0,N,source_recorded,0.0,0.0,source_recorded,?,Up,completed
149,Hungarian,processed.hungarian.data,112,0,1,0,1,0,0,50.0,50,source_recorded,1.0,M,source_recorded,2.0,ATA,source_recorded,120.0,120,source_recorded,168.0,168,source_recorded,0.0,0,source_recorded,0.0,Normal,source_recorded,160.0,160,source_recorded,0.0,N,source_recorded,0.0,0.0,source_recorded,?,Up,completed
150,Hungarian,processed.hungarian.data,244,0,1,0,1,1,1,54.0,54,source_recorded,1.0,M,source_recorded,4.0,ASY,source_recorded,130.0,130,source_recorded,603.0,603,source_recorded,1.0,1,source_recorded,0.0,Normal,source_recorded,125.0,125,source_recorded,1.0,Y,source_recorded,1.0,1.0,source_recorded,2.0,Flat,source_recorded
151,Hungarian,processed.hungarian.data,35,0,1,0,1,0,0,39.0,39,source_recorded,1.0,M,source_recorded,2.0,ATA,source_recorded,130.0,130,source_recorded,?,215,completed,0.0,0,source_recorded,0.0,Normal,source_recorded,120.0,120,source_recorded,0.0,N,source_recorded,0.0,0.0,source_recorded,?,Up,completed
152,Hungarian,processed.hungarian.data,98,0,1,0,1,0,0,48.0,48,source_recorded,1.0,M,source_recorded,2.0,ATA,source_recorded,100.0,100,source_recorded,?,159,completed,0.0,0,source_recorded,0.0,Normal,source_recorded,100.0,100,source_recorded,0.0,N,source_recorded,0.0,0.0,source_recorded,?,Up,completed
153,Hungarian,processed.hungarian.data,41,0,1,0,1,0,0,40.0,40,source_recorded,1.0,M,source_recorded,2.0,ATA,source_recorded,130.0,130,source_recorded,275.0,275,source_recorded,0.0,0,source_recorded,0.0,Normal,source_recorded,150.0,150,source_recorded,0.0,N,source_recorded,0.0,0.0,source_recorded,?,Up,completed
154,Hungarian,processed.hungarian.data,165,0,1,0,1,0,0,55.0,55,source_recorded,1.0,M,source_recorded,4.0,ASY,source_recorded,120.0,120,source_recorded,270.0,270,source_recorded,0.0,0,source_recorded,0.0,Normal,source_recorded,140.0,140,source_recorded,0.0,N,source_recorded,0.0,0.0,source_recorded,?,Up,completed
155,Hungarian,processed.hungarian.data,49,0,1,0,1,0,0,41.0,41,source_recorded,1.0,M,source_recorded,2.0,ATA,source_recorded,120.0,120,source_recorded,291.0,291,source_recorded,0.0,0,source_recorded,1.0,ST,source_recorded,160.0,160,source_recorded,0.0,N,source_recorded,0.0,0.0,source_recorded,?,Up,completed
156,Hungarian,processed.hungarian.data,292,0,1,0,1,1,1,56.0,56,source_recorded,1.0,M,source_recorded,4.0,ASY,source_recorded,155.0,155,source_recorded,342.0,342,source_recorded,1.0,1,source_recorded,0.0,Normal,source_recorded,150.0,150,source_recorded,1.0,Y,source_recorded,3.0,3.0,source_recorded,2.0,Flat,source_recorded
157,Hungarian,processed.hungarian.data,227,0,1,0,1,1,1,38.0,38,source_recorded,1.0,M,source_recorded,4.0,ASY,source_recorded,110.0,110,source_recorded,?,190,completed,0.0,0,source_recorded,0.0,Normal,source_recorded,150.0,150,source_recorded,1.0,Y,source_recorded,1.0,1.0,source_recorded,2.0,Flat,source_recorded
158,Hungarian,processed.hungarian.data,109,0,1,0,1,0,0,49.0,49,source_recorded,1.0,M,source_recorded,4.0,ASY,source_recorded,140.0,140,source_recorded,?,185,completed,0.0,0,source_recorded,0.0,Normal,source_recorded,130.0,130,source_recorded,0.0,N,source_recorded,0.0,0.0,source_recorded,?,Up,completed
159,Hungarian,processed.hungarian.data,255,0,1,0,1,1,1,44.0,44,source_recorded,1.0,M,source_recorded,4.0,ASY,source_recorded,130.0,130,source_recorded,290.0,290,source_recorded,0.0,0,source_recorded,0.0,Normal,source_recorded,100.0,100,source_recorded,1.0,Y,source_recorded,2.0,2.0,source_recorded,2.0,Flat,source_recorded
160,Hungarian,processed.hungarian.data,152,0,1,0,1,0,0,54.0,54,source_recorded,1.0,M,source_recorded,2.0,ATA,source_recorded,160.0,160,source_recorded,195.0,195,source_recorded,0.0,0,source_recorded,1.0,ST,source_recorded,130.0,130,source_recorded,0.0,N,source_recorded,1.0,1.0,source_recorded,1.0,Up,source_recorded
161,Hungarian,processed.hungarian.data,277,0,1,0,1,1,1,59.0,59,source_recorded,1.0,M,source_recorded,4.0,ASY,source_recorded,140.0,140,source_recorded,264.0,264,source_recorded,1.0,1,source_recorded,2.0,LVH,source_recorded,119.0,119,source_recorded,1.0,Y,source_recorded,0.0,0.0,source_recorded,?,Flat,completed
162,Hungarian,processed.hungarian.data,285,0,1,0,1,1,1,49.0,49,source_recorded,1.0,M,source_recorded,4.0,ASY,source_recorded,128.0,128,source_recorded,212.0,212,source_recorded,0.0,0,source_recorded,0.0,Normal,source_recorded,96.0,96,source_recorded,1.0,Y,source_recorded,0.0,0.0,source_recorded,?,Flat,completed
163,Hungarian,processed.hungarian.data,89,0,1,0,1,0,0,47.0,47,source_recorded,1.0,M,source_recorded,2.0,ATA,source_recorded,160.0,160,source_recorded,263.0,263,source_recorded,0.0,0,source_recorded,0.0,Normal,source_recorded,174.0,174,source_recorded,0.0,N,source_recorded,0.0,0.0,source_recorded,?,Up,completed
164,Hungarian,processed.hungarian.data,54,0,1,0,1,0,0,42.0,42,source_recorded,1.0,M,source_recorded,2.0,ATA,source_recorded,120.0,120,source_recorded,196.0,196,source_recorded,0.0,0,source_recorded,0.0,Normal,source_recorded,150.0,150,source_recorded,0.0,N,source_recorded,0.0,0.0,source_recorded,?,Up,completed
165,Hungarian,processed.hungarian.data,125,0,1,0,1,0,0,52.0,52,source_recorded,0.0,F,source_recorded,2.0,ATA,source_recorded,140.0,140,source_recorded,?,225,completed,0.0,0,source_recorded,0.0,Normal,source_recorded,140.0,140,source_recorded,0.0,N,source_recorded,0.0,0.0,source_recorded,?,Up,completed
166,Hungarian,processed.hungarian.data,256,0,1,0,1,1,1,46.0,46,source_recorded,1.0,M,source_recorded,1.0,TA,source_recorded,140.0,140,source_recorded,272.0,272,source_recorded,1.0,1,source_recorded,0.0,Normal,source_recorded,175.0,175,source_recorded,0.0,N,source_recorded,2.0,2.0,source_recorded,2.0,Flat,source_recorded
167,Hungarian,processed.hungarian.data,287,0,1,0,1,1,1,50.0,50,source_recorded,1.0,M,source_recorded,4.0,ASY,source_recorded,140.0,140,source_recorded,231.0,231,source_recorded,0.0,0,source_recorded,1.0,ST,source_recorded,140.0,140,source_recorded,1.0,Y,source_recorded,5.0,5.0,source_recorded,2.0,Flat,source_recorded
168,Hungarian,processed.hungarian.data,100,0,1,0,1,0,0,48.0,48,source_recorded,1.0,M,source_recorded,2.0,ATA,source_recorded,140.0,140,source_recorded,238.0,238,source_recorded,0.0,0,source_recorded,0.0,Normal,source_recorded,118.0,118,source_recorded,0.0,N,source_recorded,0.0,0.0,source_recorded,?,Up,completed
169,Hungarian,processed.hungarian.data,178,0,1,0,1,0,0,58.0,58,source_recorded,1.0,M,source_recorded,4.0,ASY,source_recorded,135.0,135,source_recorded,222.0,222,source_recorded,0.0,0,source_recorded,0.0,Normal,source_recorded,100.0,100,source_recorded,0.0,N,source_recorded,0.0,0.0,source_recorded,?,Up,completed
170,Hungarian,processed.hungarian.data,177,0,1,0,1,0,0,58.0,58,source_recorded,1.0,M,source_recorded,3.0,NAP,source_recorded,140.0,140,source_recorded,179.0,179,source_recorded,0.0,0,source_recorded,0.0,Normal,source_recorded,160.0,160,source_recorded,0.0,N,source_recorded,0.0,0.0,source_recorded,?,Up,completed
171,Hungarian,processed.hungarian.data,2,0,1,0,1,0,0,29.0,29,source_recorded,1.0,M,source_recorded,2.0,ATA,source_recorded,120.0,120,source_recorded,243.0,243,source_recorded,0.0,0,source_recorded,0.0,Normal,source_recorded,160.0,160,source_recorded,0.0,N,source_recorded,0.0,0.0,source_recorded,?,Up,completed
172,Hungarian,processed.hungarian.data,45,0,1,0,1,0,0,40.0,40,source_recorded,1.0,M,source_recorded,3.0,NAP,source_recorded,140.0,140,source_recorded,?,235,completed,0.0,0,source_recorded,0.0,Normal,source_recorded,188.0,188,source_recorded,0.0,N,source_recorded,0.0,0.0,source_recorded,?,Up,completed
173,Hungarian,processed.hungarian.data,136,0,1,0,1,0,0,53.0,53,source_recorded,1.0,M,source_recorded,2.0,ATA,source_recorded,140.0,140,source_recorded,320.0,320,source_recorded,0.0,0,source_recorded,0.0,Normal,source_recorded,162.0,162,source_recorded,0.0,N,source_recorded,0.0,0.0,source_recorded,?,Up,completed
174,Hungarian,processed.hungarian.data,107,0,1,0,1,0,0,49.0,49,source_recorded,1.0,M,source_recorded,3.0,NAP,source_recorded,140.0,140,source_recorded,187.0,187,source_recorded,0.0,0,source_recorded,0.0,Normal,source_recorded,172.0,172,source_recorded,0.0,N,source_recorded,0.0,0.0,source_recorded,?,Up,completed
175,Hungarian,processed.hungarian.data,289,0,1,0,1,1,1,52.0,52,source_recorded,1.0,M,source_recorded,4.0,ASY,source_recorded,140.0,140,source_recorded,266.0,266,source_recorded,0.0,0,source_recorded,0.0,Normal,source_recorded,134.0,134,source_recorded,1.0,Y,source_recorded,2.0,2.0,source_recorded,2.0,Flat,source_recorded
176,Hungarian,processed.hungarian.data,281,0,1,0,1,1,1,43.0,43,source_recorded,1.0,M,source_recorded,4.0,ASY,source_recorded,140.0,140,source_recorded,288.0,288,source_recorded,0.0,0,source_recorded,0.0,Normal,source_recorded,135.0,135,source_recorded,1.0,Y,source_recorded,2.0,2.0,source_recorded,2.0,Flat,source_recorded
177,Hungarian,processed.hungarian.data,268,0,1,0,1,1,1,54.0,54,source_recorded,1.0,M,source_recorded,4.0,ASY,source_recorded,140.0,140,source_recorded,216.0,216,source_recorded,0.0,0,source_recorded,0.0,Normal,source_recorded,105.0,105,source_recorded,0.0,N,source_recorded,1.5,1.5,source_recorded,2.0,Flat,source_recorded
178,Hungarian,processed.hungarian.data,180,0,1,0,1,0,0,59.0,59,source_recorded,1.0,M,source_recorded,2.0,ATA,source_recorded,140.0,140,source_recorded,287.0,287,source_recorded,0.0,0,source_recorded,0.0,Normal,source_recorded,150.0,150,source_recorded,0.0,N,source_recorded,0.0,0.0,source_recorded,?,Up,completed
179,Hungarian,processed.hungarian.data,25,0,1,0,1,0,0,37.0,37,source_recorded,1.0,M,source_recorded,3.0,NAP,source_recorded,130.0,130,source_recorded,194.0,194,source_recorded,0.0,0,source_recorded,0.0,Normal,source_recorded,150.0,150,source_recorded,0.0,N,source_recorded,0.0,0.0,source_recorded,?,Up,completed
180,Hungarian,processed.hungarian.data,79,0,1,0,1,0,0,46.0,46,source_recorded,0.0,F,source_recorded,4.0,ASY,source_recorded,130.0,130,source_recorded,238.0,238,source_recorded,0.0,0,source_recorded,0.0,Normal,source_recorded,90.0,90,source_recorded,0.0,N,source_recorded,0.0,0.0,source_recorded,?,Up,completed
181,Hungarian,processed.hungarian.data,216,0,1,0,1,1,1,52.0,52,source_recorded,1.0,M,source_recorded,4.0,ASY,source_recorded,130.0,130,source_recorded,225.0,225,source_recorded,0.0,0,source_recorded,0.0,Normal,source_recorded,120.0,120,source_recorded,1.0,Y,source_recorded,2.0,2.0,source_recorded,2.0,Flat,source_recorded
182,Hungarian,processed.hungarian.data,122,0,1,0,1,0,0,51.0,51,source_recorded,1.0,M,source_recorded,2.0,ATA,source_recorded,130.0,130,source_recorded,224.0,224,source_recorded,0.0,0,source_recorded,0.0,Normal,source_recorded,150.0,150,source_recorded,0.0,N,source_recorded,0.0,0.0,source_recorded,?,Up,completed
183,Hungarian,processed.hungarian.data,264,0,1,0,1,1,1,52.0,52,source_recorded,1.0,M,source_recorded,4.0,ASY,source_recorded,140.0,140,source_recorded,404.0,404,source_recorded,0.0,0,source_recorded,0.0,Normal,source_recorded,124.0,124,source_recorded,1.0,Y,source_recorded,2.0,2.0,source_recorded,2.0,Flat,source_recorded
184,Hungarian,processed.hungarian.data,83,0,1,0,1,0,0,46.0,46,source_recorded,1.0,M,source_recorded,4.0,ASY,source_recorded,110.0,110,source_recorded,238.0,238,source_recorded,0.0,0,source_recorded,1.0,ST,source_recorded,140.0,140,source_recorded,1.0,Y,source_recorded,1.0,1.0,source_recorded,2.0,Flat,source_recorded
185,Hungarian,processed.hungarian.data,147,0,1,0,1,0,0,54.0,54,source_recorded,0.0,F,source_recorded,2.0,ATA,source_recorded,160.0,160,source_recorded,312.0,312,source_recorded,0.0,0,source_recorded,0.0,Normal,source_recorded,130.0,130,source_recorded,0.0,N,source_recorded,0.0,0.0,source_recorded,?,Up,completed
186,Hungarian,processed.hungarian.data,250,0,1,0,1,1,1,58.0,58,source_recorded,1.0,M,source_recorded,3.0,NAP,source_recorded,160.0,160,source_recorded,211.0,211,source_recorded,1.0,1,source_recorded,1.0,ST,source_recorded,92.0,92,source_recorded,0.0,N,source_recorded,0.0,0.0,source_recorded,?,Flat,completed
187,Hungarian,processed.hungarian.data,176,0,1,0,1,0,0,58.0,58,source_recorded,1.0,M,source_recorded,2.0,ATA,source_recorded,130.0,130,source_recorded,251.0,251,source_recorded,0.0,0,source_recorded,0.0,Normal,source_recorded,110.0,110,source_recorded,0.0,N,source_recorded,0.0,0.0,source_recorded,?,Up,completed
188,Hungarian,processed.hungarian.data,200,0,1,0,1,1,1,41.0,41,source_recorded,1.0,M,source_recorded,4.0,ASY,source_recorded,120.0,120,source_recorded,237.0,237,source_recorded,?,1,completed,0.0,Normal,source_recorded,138.0,138,source_recorded,1.0,Y,source_recorded,1.0,1.0,source_recorded,2.0,Flat,source_recorded
189,Hungarian,processed.hungarian.data,111,0,1,0,1,0,0,50.0,50,source_recorded,0.0,F,source_recorded,4.0,ASY,source_recorded,120.0,120,source_recorded,328.0,328,source_recorded,0.0,0,source_recorded,0.0,Normal,source_recorded,110.0,110,source_recorded,1.0,Y,source_recorded,1.0,1.0,source_recorded,2.0,Flat,source_recorded
190,Hungarian,processed.hungarian.data,267,0,1,0,1,1,1,53.0,53,source_recorded,1.0,M,source_recorded,4.0,ASY,source_recorded,180.0,180,source_recorded,285.0,285,source_recorded,0.0,0,source_recorded,1.0,ST,source_recorded,120.0,120,source_recorded,1.0,Y,source_recorded,1.5,1.5,source_recorded,2.0,Flat,source_recorded
191,Hungarian,processed.hungarian.data,85,0,1,0,1,0,0,46.0,46,source_recorded,1.0,M,source_recorded,4.0,ASY,source_recorded,180.0,180,source_recorded,280.0,280,source_recorded,0.0,0,source_recorded,1.0,ST,source_recorded,120.0,120,source_recorded,0.0,N,source_recorded,0.0,0.0,source_recorded,?,Up,completed
192,Hungarian,processed.hungarian.data,114,0,1,0,1,0,0,50.0,50,source_recorded,1.0,M,source_recorded,2.0,ATA,source_recorded,170.0,170,source_recorded,209.0,209,source_recorded,0.0,0,source_recorded,1.0,ST,source_recorded,116.0,116,source_recorded,0.0,N,source_recorded,0.0,0.0,source_recorded,?,Up,completed
193,Hungarian,processed.hungarian.data,99,0,1,0,1,0,0,48.0,48,source_recorded,1.0,M,source_recorded,2.0,ATA,source_recorded,130.0,130,source_recorded,245.0,245,source_recorded,0.0,0,source_recorded,0.0,Normal,source_recorded,160.0,160,source_recorded,0.0,N,source_recorded,0.0,0.0,source_recorded,?,Up,completed
194,Hungarian,processed.hungarian.data,76,0,1,0,1,0,0,45.0,45,source_recorded,1.0,M,source_recorded,3.0,NAP,source_recorded,135.0,135,source_recorded,?,192,completed,0.0,0,source_recorded,0.0,Normal,source_recorded,110.0,110,source_recorded,0.0,N,source_recorded,0.0,0.0,source_recorded,?,Up,completed
195,Hungarian,processed.hungarian.data,47,0,1,0,1,0,0,41.0,41,source_recorded,0.0,F,source_recorded,2.0,ATA,source_recorded,125.0,125,source_recorded,184.0,184,source_recorded,0.0,0,source_recorded,0.0,Normal,source_recorded,180.0,180,source_recorded,0.0,N,source_recorded,0.0,0.0,source_recorded,?,Up,completed
196,Hungarian,processed.hungarian.data,187,0,1,0,1,0,0,62.0,62,source_recorded,0.0,F,source_recorded,1.0,TA,source_recorded,160.0,160,source_recorded,193.0,193,source_recorded,0.0,0,source_recorded,0.0,Normal,source_recorded,116.0,116,source_recorded,0.0,N,source_recorded,0.0,0.0,source_recorded,?,Up,completed
197,Hungarian,processed.hungarian.data,108,0,1,0,1,0,0,49.0,49,source_recorded,1.0,M,source_recorded,4.0,ASY,source_recorded,120.0,120,source_recorded,297.0,297,source_recorded,?,0,completed,0.0,Normal,source_recorded,132.0,132,source_recorded,0.0,N,source_recorded,1.0,1.0,source_recorded,2.0,Flat,source_recorded
198,Hungarian,processed.hungarian.data,56,0,1,0,1,0,0,42.0,42,source_recorded,1.0,M,source_recorded,2.0,ATA,source_recorded,150.0,150,source_recorded,268.0,268,source_recorded,0.0,0,source_recorded,0.0,Normal,source_recorded,136.0,136,source_recorded,0.0,N,source_recorded,0.0,0.0,source_recorded,?,Up,completed
199,Hungarian,processed.hungarian.data,241,0,1,0,1,1,1,53.0,53,source_recorded,1.0,M,source_recorded,4.0,ASY,source_recorded,120.0,120,source_recorded,246.0,246,source_recorded,0.0,0,source_recorded,0.0,Normal,source_recorded,116.0,116,source_recorded,1.0,Y,source_recorded,0.0,0.0,source_recorded,?,Flat,completed
200,Hungarian,processed.hungarian.data,172,0,1,0,1,0,0,57.0,57,source_recorded,0.0,F,source_recorded,1.0,TA,source_recorded,130.0,130,source_recorded,308.0,308,source_recorded,0.0,0,source_recorded,0.0,Normal,source_recorded,98.0,98,source_recorded,0.0,N,source_recorded,1.0,1.0,source_recorded,2.0,Flat,source_recorded
201,Hungarian,processed.hungarian.data,88,0,1,0,1,0,0,47.0,47,source_recorded,1.0,M,source_recorded,1.0,TA,source_recorded,110.0,110,source_recorded,249.0,249,source_recorded,0.0,0,source_recorded,0.0,Normal,source_recorded,150.0,150,source_recorded,0.0,N,source_recorded,0.0,0.0,source_recorded,?,Up,completed
202,Hungarian,processed.hungarian.data,81,0,1,0,1,0,0,46.0,46,source_recorded,1.0,M,source_recorded,3.0,NAP,source_recorded,120.0,120,source_recorded,230.0,230,source_recorded,0.0,0,source_recorded,0.0,Normal,source_recorded,150.0,150,source_recorded,0.0,N,source_recorded,0.0,0.0,source_recorded,?,Up,completed
203,Hungarian,processed.hungarian.data,58,0,1,0,1,0,0,42.0,42,source_recorded,1.0,M,source_recorded,3.0,NAP,source_recorded,160.0,160,source_recorded,147.0,147,source_recorded,0.0,0,source_recorded,0.0,Normal,source_recorded,146.0,146,source_recorded,0.0,N,source_recorded,0.0,0.0,source_recorded,?,Up,completed
204,Hungarian,processed.hungarian.data,5,0,1,0,1,0,0,31.0,31,source_recorded,0.0,F,source_recorded,2.0,ATA,source_recorded,100.0,100,source_recorded,219.0,219,source_recorded,0.0,0,source_recorded,1.0,ST,source_recorded,150.0,150,source_recorded,0.0,N,source_recorded,0.0,0.0,source_recorded,?,Up,completed
205,Hungarian,processed.hungarian.data,168,0,1,0,1,0,0,56.0,56,source_recorded,1.0,M,source_recorded,2.0,ATA,source_recorded,130.0,130,source_recorded,184.0,184,source_recorded,0.0,0,source_recorded,0.0,Normal,source_recorded,100.0,100,source_recorded,0.0,N,source_recorded,0.0,0.0,source_recorded,?,Up,completed
206,Hungarian,processed.hungarian.data,116,0,1,0,1,0,0,50.0,50,source_recorded,1.0,M,source_recorded,4.0,ASY,source_recorded,150.0,150,source_recorded,215.0,215,source_recorded,0.0,0,source_recorded,0.0,Normal,source_recorded,140.0,140,source_recorded,1.0,Y,source_recorded,0.0,0.0,source_recorded,?,Up,completed
207,Hungarian,processed.hungarian.data,15,0,1,0,1,0,0,35.0,35,source_recorded,1.0,M,source_recorded,2.0,ATA,source_recorded,120.0,120,source_recorded,308.0,308,source_recorded,0.0,0,source_recorded,2.0,LVH,source_recorded,180.0,180,source_recorded,0.0,N,source_recorded,0.0,0.0,source_recorded,?,Up,completed
208,Hungarian,processed.hungarian.data,192,0,1,0,1,1,1,35.0,35,source_recorded,1.0,M,source_recorded,2.0,ATA,source_recorded,110.0,110,source_recorded,257.0,257,source_recorded,0.0,0,source_recorded,0.0,Normal,source_recorded,140.0,140,source_recorded,0.0,N,source_recorded,0.0,0.0,source_recorded,?,Flat,completed
209,Hungarian,processed.hungarian.data,1,0,1,0,1,0,0,28.0,28,source_recorded,1.0,M,source_recorded,2.0,ATA,source_recorded,130.0,130,source_recorded,132.0,132,source_recorded,0.0,0,source_recorded,2.0,LVH,source_recorded,185.0,185,source_recorded,0.0,N,source_recorded,0.0,0.0,source_recorded,?,Up,completed
210,Hungarian,processed.hungarian.data,217,0,1,0,1,1,1,54.0,54,source_recorded,1.0,M,source_recorded,4.0,ASY,source_recorded,125.0,125,source_recorded,216.0,216,source_recorded,0.0,0,source_recorded,0.0,Normal,source_recorded,140.0,140,source_recorded,0.0,N,source_recorded,0.0,0.0,source_recorded,?,Flat,completed
211,Hungarian,processed.hungarian.data,207,0,1,0,1,1,1,48.0,48,source_recorded,1.0,M,source_recorded,4.0,ASY,source_recorded,106.0,106,source_recorded,263.0,263,source_recorded,1.0,1,source_recorded,0.0,Normal,source_recorded,110.0,110,source_recorded,0.0,N,source_recorded,0.0,0.0,source_recorded,?,Flat,completed
212,Hungarian,processed.hungarian.data,213,0,1,0,1,1,1,50.0,50,source_recorded,0.0,F,source_recorded,3.0,NAP,source_recorded,140.0,140,source_recorded,288.0,288,source_recorded,0.0,0,source_recorded,0.0,Normal,source_recorded,140.0,140,source_recorded,1.0,Y,source_recorded,0.0,0.0,source_recorded,?,Flat,completed
213,Hungarian,processed.hungarian.data,170,0,1,0,1,0,0,56.0,56,source_recorded,1.0,M,source_recorded,3.0,NAP,source_recorded,130.0,130,source_recorded,276.0,276,source_recorded,0.0,0,source_recorded,0.0,Normal,source_recorded,128.0,128,source_recorded,1.0,Y,source_recorded,1.0,1.0,source_recorded,1.0,Up,source_recorded
214,Hungarian,processed.hungarian.data,167,0,1,0,1,0,0,56.0,56,source_recorded,0.0,F,source_recorded,3.0,NAP,source_recorded,130.0,130,source_recorded,219.0,219,source_recorded,?,0,completed,1.0,ST,source_recorded,164.0,164,source_recorded,0.0,N,source_recorded,0.0,0.0,source_recorded,?,Up,completed
215,Hungarian,processed.hungarian.data,206,0,1,0,1,1,1,47.0,47,source_recorded,1.0,M,source_recorded,4.0,ASY,source_recorded,150.0,150,source_recorded,226.0,226,source_recorded,0.0,0,source_recorded,0.0,Normal,source_recorded,98.0,98,source_recorded,1.0,Y,source_recorded,1.5,1.5,source_recorded,2.0,Flat,source_recorded
216,Hungarian,processed.hungarian.data,4,0,1,0,1,0,0,30.0,30,source_recorded,0.0,F,source_recorded,1.0,TA,source_recorded,170.0,170,source_recorded,237.0,237,source_recorded,0.0,0,source_recorded,1.0,ST,source_recorded,170.0,170,source_recorded,0.0,N,source_recorded,0.0,0.0,source_recorded,?,Up,completed
217,Hungarian,processed.hungarian.data,228,0,1,0,1,1,1,39.0,39,source_recorded,1.0,M,source_recorded,4.0,ASY,source_recorded,110.0,110,source_recorded,280.0,280,source_recorded,0.0,0,source_recorded,0.0,Normal,source_recorded,150.0,150,source_recorded,0.0,N,source_recorded,0.0,0.0,source_recorded,?,Flat,completed
218,Hungarian,processed.hungarian.data,154,0,1,0,1,0,0,54.0,54,source_recorded,1.0,M,source_recorded,3.0,NAP,source_recorded,120.0,120,source_recorded,217.0,217,source_recorded,0.0,0,source_recorded,0.0,Normal,source_recorded,137.0,137,source_recorded,0.0,N,source_recorded,0.0,0.0,source_recorded,?,Up,completed
219,Hungarian,processed.hungarian.data,161,0,1,0,1,0,0,55.0,55,source_recorded,1.0,M,source_recorded,2.0,ATA,source_recorded,140.0,140,source_recorded,196.0,196,source_recorded,0.0,0,source_recorded,0.0,Normal,source_recorded,150.0,150,source_recorded,0.0,N,source_recorded,0.0,0.0,source_recorded,?,Up,completed
220,Hungarian,processed.hungarian.data,3,0,1,0,1,0,0,29.0,29,source_recorded,1.0,M,source_recorded,2.0,ATA,source_recorded,140.0,140,source_recorded,?,263,completed,0.0,0,source_recorded,0.0,Normal,source_recorded,170.0,170,source_recorded,0.0,N,source_recorded,0.0,0.0,source_recorded,?,Up,completed
221,Hungarian,processed.hungarian.data,233,0,1,0,1,1,1,46.0,46,source_recorded,1.0,M,source_recorded,4.0,ASY,source_recorded,130.0,130,source_recorded,222.0,222,source_recorded,0.0,0,source_recorded,0.0,Normal,source_recorded,112.0,112,source_recorded,0.0,N,source_recorded,0.0,0.0,source_recorded,?,Flat,completed
222,Hungarian,processed.hungarian.data,215,0,1,0,1,1,1,51.0,51,source_recorded,0.0,F,source_recorded,4.0,ASY,source_recorded,160.0,160,source_recorded,303.0,303,source_recorded,0.0,0,source_recorded,0.0,Normal,source_recorded,150.0,150,source_recorded,1.0,Y,source_recorded,1.0,1.0,source_recorded,2.0,Flat,source_recorded
223,Hungarian,processed.hungarian.data,94,0,1,0,1,0,0,48.0,48,source_recorded,0.0,F,source_recorded,3.0,NAP,source_recorded,120.0,120,source_recorded,195.0,195,source_recorded,0.0,0,source_recorded,0.0,Normal,source_recorded,125.0,125,source_recorded,0.0,N,source_recorded,0.0,0.0,source_recorded,?,Up,completed
224,Hungarian,processed.hungarian.data,9,0,1,0,1,0,0,33.0,33,source_recorded,1.0,M,source_recorded,3.0,NAP,source_recorded,120.0,120,source_recorded,298.0,298,source_recorded,0.0,0,source_recorded,0.0,Normal,source_recorded,185.0,185,source_recorded,0.0,N,source_recorded,0.0,0.0,source_recorded,?,Up,completed
225,Hungarian,processed.hungarian.data,160,0,1,0,1,0,0,55.0,55,source_recorded,1.0,M,source_recorded,2.0,ATA,source_recorded,120.0,120,source_recorded,256.0,256,source_recorded,1.0,1,source_recorded,0.0,Normal,source_recorded,137.0,137,source_recorded,0.0,N,source_recorded,0.0,0.0,source_recorded,?,Up,completed
226,Hungarian,processed.hungarian.data,214,0,1,0,1,1,1,50.0,50,source_recorded,1.0,M,source_recorded,4.0,ASY,source_recorded,145.0,145,source_recorded,264.0,264,source_recorded,0.0,0,source_recorded,0.0,Normal,source_recorded,150.0,150,source_recorded,0.0,N,source_recorded,0.0,0.0,source_recorded,?,Flat,completed
227,Hungarian,processed.hungarian.data,137,0,1,0,1,0,0,53.0,53,source_recorded,1.0,M,source_recorded,3.0,NAP,source_recorded,120.0,120,source_recorded,195.0,195,source_recorded,0.0,0,source_recorded,0.0,Normal,source_recorded,140.0,140,source_recorded,0.0,N,source_recorded,0.0,0.0,source_recorded,?,Up,completed
228,Hungarian,processed.hungarian.data,197,0,1,0,1,1,1,38.0,38,source_recorded,1.0,M,source_recorded,4.0,ASY,source_recorded,92.0,92,source_recorded,117.0,117,source_recorded,0.0,0,source_recorded,0.0,Normal,source_recorded,134.0,134,source_recorded,1.0,Y,source_recorded,2.5,2.5,source_recorded,2.0,Flat,source_recorded
229,Hungarian,processed.hungarian.data,50,0,1,0,1,0,0,41.0,41,source_recorded,1.0,M,source_recorded,2.0,ATA,source_recorded,120.0,120,source_recorded,295.0,295,source_recorded,0.0,0,source_recorded,0.0,Normal,source_recorded,170.0,170,source_recorded,0.0,N,source_recorded,0.0,0.0,source_recorded,?,Up,completed
230,Hungarian,processed.hungarian.data,23,0,1,0,1,0,0,37.0,37,source_recorded,0.0,F,source_recorded,4.0,ASY,source_recorded,130.0,130,source_recorded,173.0,173,source_recorded,0.0,0,source_recorded,1.0,ST,source_recorded,184.0,184,source_recorded,0.0,N,source_recorded,0.0,0.0,source_recorded,?,Up,completed
231,Hungarian,processed.hungarian.data,27,0,1,0,1,0,0,37.0,37,source_recorded,1.0,M,source_recorded,4.0,ASY,source_recorded,130.0,130,source_recorded,315.0,315,source_recorded,0.0,0,source_recorded,0.0,Normal,source_recorded,158.0,158,source_recorded,0.0,N,source_recorded,0.0,0.0,source_recorded,?,Up,completed
232,Hungarian,processed.hungarian.data,44,0,1,0,1,0,0,40.0,40,source_recorded,1.0,M,source_recorded,3.0,NAP,source_recorded,130.0,130,source_recorded,281.0,281,source_recorded,0.0,0,source_recorded,0.0,Normal,source_recorded,167.0,167,source_recorded,0.0,N,source_recorded,0.0,0.0,source_recorded,?,Up,completed
233,Hungarian,processed.hungarian.data,28,0,1,0,1,0,0,38.0,38,source_recorded,0.0,F,source_recorded,2.0,ATA,source_recorded,120.0,120,source_recorded,275.0,275,source_recorded,?,0,completed,0.0,Normal,source_recorded,129.0,129,source_recorded,0.0,N,source_recorded,0.0,0.0,source_recorded,?,Up,completed
234,Hungarian,processed.hungarian.data,52,0,1,0,1,0,0,41.0,41,source_recorded,1.0,M,source_recorded,4.0,ASY,source_recorded,112.0,112,source_recorded,250.0,250,source_recorded,0.0,0,source_recorded,0.0,Normal,source_recorded,142.0,142,source_recorded,0.0,N,source_recorded,0.0,0.0,source_recorded,?,Up,completed
235,Hungarian,processed.hungarian.data,145,0,1,0,1,0,0,54.0,54,source_recorded,0.0,F,source_recorded,2.0,ATA,source_recorded,140.0,140,source_recorded,309.0,309,source_recorded,?,0,completed,1.0,ST,source_recorded,140.0,140,source_recorded,0.0,N,source_recorded,0.0,0.0,source_recorded,?,Up,completed
236,Hungarian,processed.hungarian.data,33,0,1,0,1,0,0,39.0,39,source_recorded,1.0,M,source_recorded,2.0,ATA,source_recorded,120.0,120,source_recorded,200.0,200,source_recorded,0.0,0,source_recorded,0.0,Normal,source_recorded,160.0,160,source_recorded,1.0,Y,source_recorded,1.0,1.0,source_recorded,2.0,Flat,source_recorded
237,Hungarian,processed.hungarian.data,280,0,1,0,1,1,1,41.0,41,source_recorded,1.0,M,source_recorded,4.0,ASY,source_recorded,120.0,120,source_recorded,336.0,336,source_recorded,0.0,0,source_recorded,0.0,Normal,source_recorded,118.0,118,source_recorded,1.0,Y,source_recorded,3.0,3.0,source_recorded,2.0,Flat,source_recorded
238,Hungarian,processed.hungarian.data,269,0,1,0,1,1,1,55.0,55,source_recorded,1.0,M,source_recorded,1.0,TA,source_recorded,140.0,140,source_recorded,295.0,295,source_recorded,0.0,0,source_recorded,?,Normal,completed,136.0,136,source_recorded,0.0,N,source_recorded,0.0,0.0,source_recorded,?,Flat,completed
239,Hungarian,processed.hungarian.data,237,0,1,0,1,1,1,48.0,48,source_recorded,1.0,M,source_recorded,4.0,ASY,source_recorded,160.0,160,source_recorded,355.0,355,source_recorded,0.0,0,source_recorded,0.0,Normal,source_recorded,99.0,99,source_recorded,1.0,Y,source_recorded,2.0,2.0,source_recorded,2.0,Flat,source_recorded
240,Hungarian,processed.hungarian.data,235,0,1,0,1,1,1,48.0,48,source_recorded,1.0,M,source_recorded,4.0,ASY,source_recorded,160.0,160,source_recorded,193.0,193,source_recorded,0.0,0,source_recorded,0.0,Normal,source_recorded,102.0,102,source_recorded,1.0,Y,source_recorded,3.0,3.0,source_recorded,2.0,Flat,source_recorded
241,Hungarian,processed.hungarian.data,162,0,1,0,1,0,0,55.0,55,source_recorded,1.0,M,source_recorded,2.0,ATA,source_recorded,145.0,145,source_recorded,326.0,326,source_recorded,0.0,0,source_recorded,0.0,Normal,source_recorded,155.0,155,source_recorded,0.0,N,source_recorded,0.0,0.0,source_recorded,?,Up,completed
242,Hungarian,processed.hungarian.data,246,0,1,0,1,1,1,54.0,54,source_recorded,1.0,M,source_recorded,4.0,ASY,source_recorded,200.0,200,source_recorded,198.0,198,source_recorded,0.0,0,source_recorded,0.0,Normal,source_recorded,142.0,142,source_recorded,1.0,Y,source_recorded,2.0,2.0,source_recorded,2.0,Flat,source_recorded
243,Hungarian,processed.hungarian.data,270,0,1,0,1,1,1,55.0,55,source_recorded,1.0,M,source_recorded,2.0,ATA,source_recorded,160.0,160,source_recorded,292.0,292,source_recorded,1.0,1,source_recorded,0.0,Normal,source_recorded,143.0,143,source_recorded,1.0,Y,source_recorded,2.0,2.0,source_recorded,2.0,Flat,source_recorded
244,Hungarian,processed.hungarian.data,64,0,1,0,1,0,0,43.0,43,source_recorded,0.0,F,source_recorded,2.0,ATA,source_recorded,120.0,120,source_recorded,266.0,266,source_recorded,0.0,0,source_recorded,0.0,Normal,source_recorded,118.0,118,source_recorded,0.0,N,source_recorded,0.0,0.0,source_recorded,?,Up,completed
245,Hungarian,processed.hungarian.data,209,0,1,0,1,1,1,48.0,48,source_recorded,1.0,M,source_recorded,4.0,ASY,source_recorded,160.0,160,source_recorded,268.0,268,source_recorded,0.0,0,source_recorded,0.0,Normal,source_recorded,103.0,103,source_recorded,1.0,Y,source_recorded,1.0,1.0,source_recorded,2.0,Flat,source_recorded
246,Hungarian,processed.hungarian.data,148,0,1,0,1,0,0,54.0,54,source_recorded,1.0,M,source_recorded,1.0,TA,source_recorded,120.0,120,source_recorded,171.0,171,source_recorded,0.0,0,source_recorded,0.0,Normal,source_recorded,137.0,137,source_recorded,0.0,N,source_recorded,2.0,2.0,source_recorded,1.0,Up,source_recorded
247,Hungarian,processed.hungarian.data,242,0,1,0,1,1,1,54.0,54,source_recorded,1.0,M,source_recorded,3.0,NAP,source_recorded,120.0,120,source_recorded,237.0,237,source_recorded,0.0,0,source_recorded,0.0,Normal,source_recorded,150.0,150,source_recorded,1.0,Y,source_recorded,1.5,1.5,source_recorded,?,Flat,completed
248,Hungarian,processed.hungarian.data,234,0,1,0,1,1,1,48.0,48,source_recorded,1.0,M,source_recorded,4.0,ASY,source_recorded,122.0,122,source_recorded,275.0,275,source_recorded,1.0,1,source_recorded,1.0,ST,source_recorded,150.0,150,source_recorded,1.0,Y,source_recorded,2.0,2.0,source_recorded,3.0,Down,source_recorded
249,Hungarian,processed.hungarian.data,231,0,1,0,1,1,1,45.0,45,source_recorded,1.0,M,source_recorded,4.0,ASY,source_recorded,130.0,130,source_recorded,219.0,219,source_recorded,0.0,0,source_recorded,1.0,ST,source_recorded,130.0,130,source_recorded,1.0,Y,source_recorded,1.0,1.0,source_recorded,2.0,Flat,source_recorded
250,Hungarian,processed.hungarian.data,259,0,1,0,1,1,1,49.0,49,source_recorded,1.0,M,source_recorded,4.0,ASY,source_recorded,130.0,130,source_recorded,341.0,341,source_recorded,0.0,0,source_recorded,0.0,Normal,source_recorded,120.0,120,source_recorded,1.0,Y,source_recorded,1.0,1.0,source_recorded,2.0,Flat,source_recorded
251,Hungarian,processed.hungarian.data,282,0,1,0,1,1,1,44.0,44,source_recorded,1.0,M,source_recorded,4.0,ASY,source_recorded,135.0,135,source_recorded,491.0,491,source_recorded,0.0,0,source_recorded,0.0,Normal,source_recorded,135.0,135,source_recorded,0.0,N,source_recorded,0.0,0.0,source_recorded,?,Flat,completed
252,Hungarian,processed.hungarian.data,208,0,1,0,1,1,1,48.0,48,source_recorded,1.0,M,source_recorded,4.0,ASY,source_recorded,120.0,120,source_recorded,260.0,260,source_recorded,0.0,0,source_recorded,0.0,Normal,source_recorded,115.0,115,source_recorded,0.0,N,source_recorded,2.0,2.0,source_recorded,2.0,Flat,source_recorded
253,Hungarian,processed.hungarian.data,186,0,1,0,1,0,0,61.0,61,source_recorded,1.0,M,source_recorded,4.0,ASY,source_recorded,125.0,125,source_recorded,292.0,292,source_recorded,0.0,0,source_recorded,1.0,ST,source_recorded,115.0,115,source_recorded,1.0,Y,source_recorded,0.0,0.0,source_recorded,?,Up,completed
254,Hungarian,processed.hungarian.data,188,0,1,0,1,0,0,62.0,62,source_recorded,1.0,M,source_recorded,2.0,ATA,source_recorded,140.0,140,source_recorded,271.0,271,source_recorded,0.0,0,source_recorded,0.0,Normal,source_recorded,152.0,152,source_recorded,0.0,N,source_recorded,1.0,1.0,source_recorded,1.0,Up,source_recorded
255,Hungarian,processed.hungarian.data,271,0,1,0,1,1,1,55.0,55,source_recorded,1.0,M,source_recorded,4.0,ASY,source_recorded,145.0,145,source_recorded,248.0,248,source_recorded,0.0,0,source_recorded,0.0,Normal,source_recorded,96.0,96,source_recorded,1.0,Y,source_recorded,2.0,2.0,source_recorded,2.0,Flat,source_recorded
256,Hungarian,processed.hungarian.data,134,0,1,0,1,0,0,53.0,53,source_recorded,0.0,F,source_recorded,3.0,NAP,source_recorded,120.0,120,source_recorded,274.0,274,source_recorded,0.0,0,source_recorded,0.0,Normal,source_recorded,130.0,130,source_recorded,0.0,N,source_recorded,0.0,0.0,source_recorded,?,Up,completed
257,Hungarian,processed.hungarian.data,159,0,1,0,1,0,0,55.0,55,source_recorded,0.0,F,source_recorded,2.0,ATA,source_recorded,130.0,130,source_recorded,394.0,394,source_recorded,0.0,0,source_recorded,2.0,LVH,source_recorded,150.0,150,source_recorded,0.0,N,source_recorded,0.0,0.0,source_recorded,?,Up,completed
258,Hungarian,processed.hungarian.data,20,0,1,0,1,0,0,36.0,36,source_recorded,1.0,M,source_recorded,3.0,NAP,source_recorded,150.0,150,source_recorded,160.0,160,source_recorded,0.0,0,source_recorded,0.0,Normal,source_recorded,172.0,172,source_recorded,0.0,N,source_recorded,0.0,0.0,source_recorded,?,Up,completed
259,Hungarian,processed.hungarian.data,120,0,1,0,1,0,0,51.0,51,source_recorded,0.0,F,source_recorded,3.0,NAP,source_recorded,150.0,150,source_recorded,200.0,200,source_recorded,0.0,0,source_recorded,0.0,Normal,source_recorded,120.0,120,source_recorded,0.0,N,source_recorded,0.5,0.5,source_recorded,1.0,Up,source_recorded
260,Hungarian,processed.hungarian.data,158,0,1,0,1,0,0,55.0,55,source_recorded,0.0,F,source_recorded,2.0,ATA,source_recorded,122.0,122,source_recorded,320.0,320,source_recorded,0.0,0,source_recorded,0.0,Normal,source_recorded,155.0,155,source_recorded,0.0,N,source_recorded,0.0,0.0,source_recorded,?,Up,completed
261,Hungarian,processed.hungarian.data,80,0,1,0,1,0,0,46.0,46,source_recorded,1.0,M,source_recorded,2.0,ATA,source_recorded,140.0,140,source_recorded,275.0,275,source_recorded,0.0,0,source_recorded,0.0,Normal,source_recorded,165.0,165,source_recorded,1.0,Y,source_recorded,0.0,0.0,source_recorded,?,Up,completed
262,Hungarian,processed.hungarian.data,141,0,1,0,1,0,0,54.0,54,source_recorded,0.0,F,source_recorded,2.0,ATA,source_recorded,120.0,120,source_recorded,221.0,221,source_recorded,0.0,0,source_recorded,0.0,Normal,source_recorded,138.0,138,source_recorded,0.0,N,source_recorded,1.0,1.0,source_recorded,1.0,Up,source_recorded
263,Hungarian,processed.hungarian.data,232,0,1,0,1,1,1,46.0,46,source_recorded,1.0,M,source_recorded,4.0,ASY,source_recorded,120.0,120,source_recorded,231.0,231,source_recorded,0.0,0,source_recorded,0.0,Normal,source_recorded,115.0,115,source_recorded,1.0,Y,source_recorded,0.0,0.0,source_recorded,?,Flat,completed
264,Hungarian,processed.hungarian.data,276,0,1,0,1,1,1,59.0,59,source_recorded,1.0,M,source_recorded,4.0,ASY,source_recorded,130.0,130,source_recorded,?,126,completed,0.0,0,source_recorded,0.0,Normal,source_recorded,125.0,125,source_recorded,0.0,N,source_recorded,0.0,0.0,source_recorded,?,Flat,completed
265,Hungarian,processed.hungarian.data,205,0,1,0,1,1,1,47.0,47,source_recorded,1.0,M,source_recorded,3.0,NAP,source_recorded,140.0,140,source_recorded,193.0,193,source_recorded,0.0,0,source_recorded,0.0,Normal,source_recorded,145.0,145,source_recorded,1.0,Y,source_recorded,1.0,1.0,source_recorded,2.0,Flat,source_recorded
266,Hungarian,processed.hungarian.data,153,0,1,0,1,0,0,54.0,54,source_recorded,1.0,M,source_recorded,2.0,ATA,source_recorded,160.0,160,source_recorded,305.0,305,source_recorded,0.0,0,source_recorded,0.0,Normal,source_recorded,175.0,175,source_recorded,0.0,N,source_recorded,0.0,0.0,source_recorded,?,Up,completed
267,Hungarian,processed.hungarian.data,263,0,1,0,1,1,1,52.0,52,source_recorded,1.0,M,source_recorded,4.0,ASY,source_recorded,130.0,130,source_recorded,298.0,298,source_recorded,0.0,0,source_recorded,0.0,Normal,source_recorded,110.0,110,source_recorded,1.0,Y,source_recorded,1.0,1.0,source_recorded,2.0,Flat,source_recorded
268,Hungarian,processed.hungarian.data,12,0,1,0,1,0,0,34.0,34,source_recorded,1.0,M,source_recorded,2.0,ATA,source_recorded,98.0,98,source_recorded,220.0,220,source_recorded,0.0,0,source_recorded,0.0,Normal,source_recorded,150.0,150,source_recorded,0.0,N,source_recorded,0.0,0.0,source_recorded,?,Up,completed
269,Hungarian,processed.hungarian.data,243,0,1,0,1,1,1,54.0,54,source_recorded,1.0,M,source_recorded,4.0,ASY,source_recorded,130.0,130,source_recorded,242.0,242,source_recorded,0.0,0,source_recorded,0.0,Normal,source_recorded,91.0,91,source_recorded,1.0,Y,source_recorded,1.0,1.0,source_recorded,2.0,Flat,source_recorded
270,Hungarian,processed.hungarian.data,87,0,1,0,1,0,0,47.0,47,source_recorded,0.0,F,source_recorded,3.0,NAP,source_recorded,130.0,130,source_recorded,?,235,completed,0.0,0,source_recorded,0.0,Normal,source_recorded,145.0,145,source_recorded,0.0,N,source_recorded,2.0,2.0,source_recorded,2.0,Flat,source_recorded
271,Hungarian,processed.hungarian.data,77,0,1,0,1,0,0,45.0,45,source_recorded,1.0,M,source_recorded,4.0,ASY,source_recorded,120.0,120,source_recorded,225.0,225,source_recorded,0.0,0,source_recorded,0.0,Normal,source_recorded,140.0,140,source_recorded,0.0,N,source_recorded,0.0,0.0,source_recorded,?,Up,completed
272,Hungarian,processed.hungarian.data,6,0,1,0,1,0,0,32.0,32,source_recorded,0.0,F,source_recorded,2.0,ATA,source_recorded,105.0,105,source_recorded,198.0,198,source_recorded,0.0,0,source_recorded,0.0,Normal,source_recorded,165.0,165,source_recorded,0.0,N,source_recorded,0.0,0.0,source_recorded,?,Up,completed
273,Hungarian,processed.hungarian.data,219,0,1,0,1,1,1,55.0,55,source_recorded,1.0,M,source_recorded,4.0,ASY,source_recorded,140.0,140,source_recorded,201.0,201,source_recorded,0.0,0,source_recorded,0.0,Normal,source_recorded,130.0,130,source_recorded,1.0,Y,source_recorded,3.0,3.0,source_recorded,2.0,Flat,source_recorded
274,Hungarian,processed.hungarian.data,164,0,1,0,1,0,0,55.0,55,source_recorded,1.0,M,source_recorded,3.0,NAP,source_recorded,120.0,120,source_recorded,220.0,220,source_recorded,0.0,0,source_recorded,2.0,LVH,source_recorded,134.0,134,source_recorded,0.0,N,source_recorded,0.0,0.0,source_recorded,?,Up,completed
275,Hungarian,processed.hungarian.data,73,0,1,0,1,0,0,45.0,45,source_recorded,0.0,F,source_recorded,2.0,ATA,source_recorded,180.0,180,source_recorded,?,295,completed,0.0,0,source_recorded,0.0,Normal,source_recorded,180.0,180,source_recorded,0.0,N,source_recorded,0.0,0.0,source_recorded,?,Up,completed
276,Hungarian,processed.hungarian.data,182,0,1,0,1,0,0,59.0,59,source_recorded,1.0,M,source_recorded,3.0,NAP,source_recorded,180.0,180,source_recorded,213.0,213,source_recorded,0.0,0,source_recorded,0.0,Normal,source_recorded,100.0,100,source_recorded,0.0,N,source_recorded,0.0,0.0,source_recorded,?,Up,completed
277,Hungarian,processed.hungarian.data,261,0,1,0,1,1,1,51.0,51,source_recorded,1.0,M,source_recorded,3.0,NAP,source_recorded,135.0,135,source_recorded,160.0,160,source_recorded,0.0,0,source_recorded,0.0,Normal,source_recorded,150.0,150,source_recorded,0.0,N,source_recorded,2.0,2.0,source_recorded,2.0,Flat,source_recorded
278,Hungarian,processed.hungarian.data,240,0,1,0,1,1,1,52.0,52,source_recorded,1.0,M,source_recorded,4.0,ASY,source_recorded,170.0,170,source_recorded,?,223,completed,0.0,0,source_recorded,0.0,Normal,source_recorded,126.0,126,source_recorded,1.0,Y,source_recorded,1.5,1.5,source_recorded,2.0,Flat,source_recorded
279,Hungarian,processed.hungarian.data,173,0,1,0,1,0,0,57.0,57,source_recorded,0.0,F,source_recorded,4.0,ASY,source_recorded,180.0,180,source_recorded,347.0,347,source_recorded,0.0,0,source_recorded,1.0,ST,source_recorded,126.0,126,source_recorded,1.0,Y,source_recorded,0.8,0.8,source_recorded,2.0,Flat,source_recorded
280,Hungarian,processed.hungarian.data,144,0,1,0,1,0,0,54.0,54,source_recorded,0.0,F,source_recorded,2.0,ATA,source_recorded,130.0,130,source_recorded,253.0,253,source_recorded,0.0,0,source_recorded,1.0,ST,source_recorded,155.0,155,source_recorded,0.0,N,source_recorded,0.0,0.0,source_recorded,?,Up,completed
281,Hungarian,processed.hungarian.data,184,0,1,0,1,0,0,60.0,60,source_recorded,1.0,M,source_recorded,3.0,NAP,source_recorded,120.0,120,source_recorded,246.0,246,source_recorded,0.0,0,source_recorded,2.0,LVH,source_recorded,135.0,135,source_recorded,0.0,N,source_recorded,0.0,0.0,source_recorded,?,Up,completed
282,Hungarian,processed.hungarian.data,286,0,1,0,1,1,1,49.0,49,source_recorded,1.0,M,source_recorded,4.0,ASY,source_recorded,150.0,150,source_recorded,222.0,222,source_recorded,0.0,0,source_recorded,0.0,Normal,source_recorded,122.0,122,source_recorded,0.0,N,source_recorded,2.0,2.0,source_recorded,2.0,Flat,source_recorded
283,Hungarian,processed.hungarian.data,119,0,1,0,1,0,0,51.0,51,source_recorded,0.0,F,source_recorded,3.0,NAP,source_recorded,130.0,130,source_recorded,220.0,220,source_recorded,0.0,0,source_recorded,0.0,Normal,source_recorded,160.0,160,source_recorded,1.0,Y,source_recorded,2.0,2.0,source_recorded,1.0,Up,source_recorded
284,Hungarian,processed.hungarian.data,157,0,1,0,1,0,0,55.0,55,source_recorded,0.0,F,source_recorded,2.0,ATA,source_recorded,110.0,110,source_recorded,344.0,344,source_recorded,0.0,0,source_recorded,1.0,ST,source_recorded,160.0,160,source_recorded,0.0,N,source_recorded,0.0,0.0,source_recorded,?,Up,completed
285,Hungarian,processed.hungarian.data,59,0,1,0,1,0,0,42.0,42,source_recorded,1.0,M,source_recorded,4.0,ASY,source_recorded,140.0,140,source_recorded,358.0,358,source_recorded,0.0,0,source_recorded,0.0,Normal,source_recorded,170.0,170,source_recorded,0.0,N,source_recorded,0.0,0.0,source_recorded,?,Up,completed
286,Hungarian,processed.hungarian.data,118,0,1,0,1,0,0,51.0,51,source_recorded,0.0,F,source_recorded,3.0,NAP,source_recorded,110.0,110,source_recorded,190.0,190,source_recorded,0.0,0,source_recorded,0.0,Normal,source_recorded,120.0,120,source_recorded,0.0,N,source_recorded,0.0,0.0,source_recorded,?,Up,completed
287,Hungarian,processed.hungarian.data,183,0,1,0,1,0,0,59.0,59,source_recorded,1.0,M,source_recorded,4.0,ASY,source_recorded,140.0,140,source_recorded,?,169,completed,0.0,0,source_recorded,0.0,Normal,source_recorded,140.0,140,source_recorded,0.0,N,source_recorded,0.0,0.0,source_recorded,?,Up,completed
288,Hungarian,processed.hungarian.data,135,0,1,0,1,0,0,53.0,53,source_recorded,1.0,M,source_recorded,2.0,ATA,source_recorded,120.0,120,source_recorded,?,181,completed,0.0,0,source_recorded,0.0,Normal,source_recorded,132.0,132,source_recorded,0.0,N,source_recorded,0.0,0.0,source_recorded,?,Up,completed
289,Hungarian,processed.hungarian.data,91,0,1,0,1,0,0,48.0,48,source_recorded,0.0,F,source_recorded,2.0,ATA,source_recorded,?,133,completed,308.0,308,source_recorded,0.0,0,source_recorded,1.0,ST,source_recorded,?,156,completed,?,N,completed,2.0,2.0,source_recorded,1.0,Up,source_recorded
290,Hungarian,processed.hungarian.data,17,0,1,0,1,0,0,36.0,36,source_recorded,1.0,M,source_recorded,2.0,ATA,source_recorded,120.0,120,source_recorded,166.0,166,source_recorded,0.0,0,source_recorded,0.0,Normal,source_recorded,180.0,180,source_recorded,0.0,N,source_recorded,0.0,0.0,source_recorded,?,Up,completed
291,Hungarian,processed.hungarian.data,101,0,1,0,1,0,0,48.0,48,source_recorded,1.0,M,source_recorded,3.0,NAP,source_recorded,110.0,110,source_recorded,211.0,211,source_recorded,0.0,0,source_recorded,0.0,Normal,source_recorded,138.0,138,source_recorded,0.0,N,source_recorded,0.0,0.0,source_recorded,?,Up,completed
292,Hungarian,processed.hungarian.data,86,0,1,0,1,0,0,47.0,47,source_recorded,0.0,F,source_recorded,2.0,ATA,source_recorded,140.0,140,source_recorded,257.0,257,source_recorded,0.0,0,source_recorded,0.0,Normal,source_recorded,135.0,135,source_recorded,0.0,N,source_recorded,1.0,1.0,source_recorded,1.0,Up,source_recorded
293,Hungarian,processed.hungarian.data,139,0,1,0,1,0,0,53.0,53,source_recorded,1.0,M,source_recorded,4.0,ASY,source_recorded,130.0,130,source_recorded,182.0,182,source_recorded,0.0,0,source_recorded,0.0,Normal,source_recorded,148.0,148,source_recorded,0.0,N,source_recorded,0.0,0.0,source_recorded,?,Up,completed
294,Switzerland,processed.switzerland.data,108,0,0,1,1,1,1,65.0,65,source_recorded,1.0,M,source_recorded,4.0,ASY,source_recorded,115.0,115,source_recorded,0.0,0,source_zero_coded,0.0,0,source_recorded,0.0,Normal,source_recorded,93.0,93,source_recorded,1.0,Y,source_recorded,0.0,0.0,source_recorded,2.0,Flat,source_recorded
295,Switzerland,processed.switzerland.data,1,0,1,0,1,1,1,32.0,32,source_recorded,1.0,M,source_recorded,1.0,TA,source_recorded,95.0,95,source_recorded,0.0,0,source_zero_coded,?,1,completed,0.0,Normal,source_recorded,127.0,127,source_recorded,0.0,N,source_recorded,0.7,0.7,source_recorded,1.0,Up,source_recorded
296,Switzerland,processed.switzerland.data,85,0,1,0,1,1,1,61.0,61,source_recorded,1.0,M,source_recorded,4.0,ASY,source_recorded,105.0,105,source_recorded,0.0,0,source_zero_coded,?,1,completed,0.0,Normal,source_recorded,110.0,110,source_recorded,1.0,Y,source_recorded,1.5,1.5,source_recorded,1.0,Up,source_recorded
297,Switzerland,processed.switzerland.data,29,0,1,0,1,1,1,50.0,50,source_recorded,1.0,M,source_recorded,4.0,ASY,source_recorded,145.0,145,source_recorded,0.0,0,source_zero_coded,?,1,completed,0.0,Normal,source_recorded,139.0,139,source_recorded,1.0,Y,source_recorded,0.7,0.7,source_recorded,2.0,Flat,source_recorded
298,Switzerland,processed.switzerland.data,65,0,1,0,1,1,3,57.0,57,source_recorded,1.0,M,source_recorded,4.0,ASY,source_recorded,110.0,110,source_recorded,0.0,0,source_zero_coded,?,1,completed,1.0,ST,source_recorded,131.0,131,source_recorded,1.0,Y,source_recorded,1.4,1.4,source_recorded,1.0,Up,source_recorded
299,Switzerland,processed.switzerland.data,31,0,1,0,1,1,4,51.0,51,source_recorded,1.0,M,source_recorded,4.0,ASY,source_recorded,110.0,110,source_recorded,0.0,0,source_zero_coded,?,1,completed,0.0,Normal,source_recorded,92.0,92,source_recorded,0.0,N,source_recorded,0.0,0.0,source_recorded,2.0,Flat,source_recorded
300,Switzerland,processed.switzerland.data,23,0,1,0,1,1,2,47.0,47,source_recorded,1.0,M,source_recorded,4.0,ASY,source_recorded,110.0,110,source_recorded,0.0,0,source_zero_coded,?,1,completed,1.0,ST,source_recorded,149.0,149,source_recorded,0.0,N,source_recorded,2.1,2.1,source_recorded,1.0,Up,source_recorded
301,Switzerland,processed.switzerland.data,83,0,1,0,1,1,1,60.0,60,source_recorded,1.0,M,source_recorded,4.0,ASY,source_recorded,160.0,160,source_recorded,0.0,0,source_zero_coded,?,1,completed,0.0,Normal,source_recorded,149.0,149,source_recorded,0.0,N,source_recorded,0.4,0.4,source_recorded,2.0,Flat,source_recorded
302,Switzerland,processed.switzerland.data,52,0,1,0,1,0,0,55.0,55,source_recorded,1.0,M,source_recorded,2.0,ATA,source_recorded,140.0,140,source_recorded,0.0,0,source_zero_coded,?,0,completed,1.0,ST,source_recorded,150.0,150,source_recorded,0.0,N,source_recorded,0.2,0.2,source_recorded,1.0,Up,source_recorded
303,Switzerland,processed.switzerland.data,46,0,1,0,1,1,4,53.0,53,source_recorded,1.0,M,source_recorded,4.0,ASY,source_recorded,125.0,125,source_recorded,0.0,0,source_zero_coded,?,1,completed,0.0,Normal,source_recorded,120.0,120,source_recorded,0.0,N,source_recorded,1.5,1.5,source_recorded,1.0,Up,source_recorded
304,Switzerland,processed.switzerland.data,94,0,1,0,1,1,1,62.0,62,source_recorded,0.0,F,source_recorded,4.0,ASY,source_recorded,120.0,120,source_recorded,0.0,0,source_zero_coded,?,1,completed,1.0,ST,source_recorded,123.0,123,source_recorded,1.0,Y,source_recorded,1.7,1.7,source_recorded,3.0,Down,source_recorded
305,Switzerland,processed.switzerland.data,36,0,1,0,1,1,2,51.0,51,source_recorded,1.0,M,source_recorded,4.0,ASY,source_recorded,95.0,95,source_recorded,0.0,0,source_zero_coded,?,1,completed,0.0,Normal,source_recorded,126.0,126,source_recorded,0.0,N,source_recorded,2.2,2.2,source_recorded,2.0,Flat,source_recorded
306,Switzerland,processed.switzerland.data,30,0,1,0,1,1,2,51.0,51,source_recorded,0.0,F,source_recorded,4.0,ASY,source_recorded,120.0,120,source_recorded,0.0,0,source_zero_coded,?,1,completed,0.0,Normal,source_recorded,127.0,127,source_recorded,1.0,Y,source_recorded,1.5,1.5,source_recorded,1.0,Up,source_recorded
307,Switzerland,processed.switzerland.data,53,0,1,0,1,1,1,55.0,55,source_recorded,1.0,M,source_recorded,4.0,ASY,source_recorded,115.0,115,source_recorded,0.0,0,source_zero_coded,?,1,completed,0.0,Normal,source_recorded,155.0,155,source_recorded,0.0,N,source_recorded,0.1,0.1,source_recorded,2.0,Flat,source_recorded
308,Switzerland,processed.switzerland.data,42,0,1,0,1,0,0,53.0,53,source_recorded,1.0,M,source_recorded,2.0,ATA,source_recorded,130.0,130,source_recorded,0.0,0,source_zero_coded,?,0,completed,1.0,ST,source_recorded,120.0,120,source_recorded,0.0,N,source_recorded,0.7,0.7,source_recorded,3.0,Down,source_recorded
309,Switzerland,processed.switzerland.data,70,0,1,0,1,1,1,58.0,58,source_recorded,1.0,M,source_recorded,4.0,ASY,source_recorded,115.0,115,source_recorded,0.0,0,source_zero_coded,?,1,completed,0.0,Normal,source_recorded,138.0,138,source_recorded,0.0,N,source_recorded,0.5,0.5,source_recorded,1.0,Up,source_recorded
310,Switzerland,processed.switzerland.data,69,0,1,0,1,1,1,57.0,57,source_recorded,1.0,M,source_recorded,4.0,ASY,source_recorded,95.0,95,source_recorded,0.0,0,source_zero_coded,?,1,completed,0.0,Normal,source_recorded,182.0,182,source_recorded,0.0,N,source_recorded,0.7,0.7,source_recorded,3.0,Down,source_recorded
311,Switzerland,processed.switzerland.data,110,0,1,0,1,0,0,65.0,65,source_recorded,1.0,M,source_recorded,4.0,ASY,source_recorded,155.0,155,source_recorded,0.0,0,source_zero_coded,?,0,completed,0.0,Normal,source_recorded,154.0,154,source_recorded,0.0,N,source_recorded,1.0,1.0,source_recorded,1.0,Up,source_recorded
312,Switzerland,processed.switzerland.data,79,0,1,0,1,1,3,60.0,60,source_recorded,1.0,M,source_recorded,4.0,ASY,source_recorded,125.0,125,source_recorded,0.0,0,source_zero_coded,?,1,completed,0.0,Normal,source_recorded,110.0,110,source_recorded,0.0,N,source_recorded,0.1,0.1,source_recorded,1.0,Up,source_recorded
313,Switzerland,processed.switzerland.data,12,0,1,0,1,1,2,41.0,41,source_recorded,1.0,M,source_recorded,4.0,ASY,source_recorded,125.0,125,source_recorded,0.0,0,source_zero_coded,?,1,completed,0.0,Normal,source_recorded,176.0,176,source_recorded,0.0,N,source_recorded,1.6,1.6,source_recorded,1.0,Up,source_recorded
314,Switzerland,processed.switzerland.data,2,0,1,0,1,1,1,34.0,34,source_recorded,1.0,M,source_recorded,4.0,ASY,source_recorded,115.0,115,source_recorded,0.0,0,source_zero_coded,?,1,completed,?,Normal,completed,154.0,154,source_recorded,0.0,N,source_recorded,0.2,0.2,source_recorded,1.0,Up,source_recorded
315,Switzerland,processed.switzerland.data,48,0,1,0,1,0,0,53.0,53,source_recorded,1.0,M,source_recorded,4.0,ASY,source_recorded,80.0,80,source_recorded,0.0,0,source_zero_coded,?,0,completed,0.0,Normal,source_recorded,141.0,141,source_recorded,1.0,Y,source_recorded,2.0,2.0,source_recorded,3.0,Down,source_recorded
316,Switzerland,processed.switzerland.data,123,0,1,0,1,1,1,74.0,74,source_recorded,1.0,M,source_recorded,2.0,ATA,source_recorded,145.0,145,source_recorded,0.0,0,source_zero_coded,?,1,completed,1.0,ST,source_recorded,123.0,123,source_recorded,0.0,N,source_recorded,1.3,1.3,source_recorded,1.0,Up,source_recorded
317,Switzerland,processed.switzerland.data,64,0,1,0,1,1,1,57.0,57,source_recorded,1.0,M,source_recorded,3.0,NAP,source_recorded,105.0,105,source_recorded,0.0,0,source_zero_coded,?,1,completed,0.0,Normal,source_recorded,148.0,148,source_recorded,0.0,N,source_recorded,0.3,0.3,source_recorded,2.0,Flat,source_recorded
318,Switzerland,processed.switzerland.data,63,0,1,0,1,1,1,56.0,56,source_recorded,1.0,M,source_recorded,4.0,ASY,source_recorded,140.0,140,source_recorded,0.0,0,source_zero_coded,?,1,completed,0.0,Normal,source_recorded,121.0,121,source_recorded,1.0,Y,source_recorded,1.8,1.8,source_recorded,1.0,Up,source_recorded
319,Switzerland,processed.switzerland.data,89,0,1,0,1,1,3,61.0,61,source_recorded,1.0,M,source_recorded,4.0,ASY,source_recorded,130.0,130,source_recorded,0.0,0,source_zero_coded,?,1,completed,0.0,Normal,source_recorded,77.0,77,source_recorded,0.0,N,source_recorded,2.5,2.5,source_recorded,2.0,Flat,source_recorded
320,Switzerland,processed.switzerland.data,116,0,1,0,1,1,1,68.0,68,source_recorded,1.0,M,source_recorded,4.0,ASY,source_recorded,145.0,145,source_recorded,0.0,0,source_zero_coded,?,1,completed,0.0,Normal,source_recorded,136.0,136,source_recorded,0.0,N,source_recorded,1.8,1.8,source_recorded,1.0,Up,source_recorded
321,Switzerland,processed.switzerland.data,73,0,1,0,1,1,1,59.0,59,source_recorded,1.0,M,source_recorded,3.0,NAP,source_recorded,125.0,125,source_recorded,0.0,0,source_zero_coded,?,1,completed,0.0,Normal,source_recorded,175.0,175,source_recorded,0.0,N,source_recorded,2.6,2.6,source_recorded,2.0,Flat,source_recorded
322,Switzerland,processed.switzerland.data,100,0,1,0,1,1,1,63.0,63,source_recorded,1.0,M,source_recorded,4.0,ASY,source_recorded,100.0,100,source_recorded,0.0,0,source_zero_coded,?,1,completed,0.0,Normal,source_recorded,109.0,109,source_recorded,0.0,N,source_recorded,-0.9,-0.9,source_recorded,2.0,Flat,source_recorded
323,Switzerland,processed.switzerland.data,5,0,1,0,1,1,2,38.0,38,source_recorded,0.0,F,source_recorded,4.0,ASY,source_recorded,105.0,105,source_recorded,0.0,0,source_zero_coded,?,1,completed,0.0,Normal,source_recorded,166.0,166,source_recorded,0.0,N,source_recorded,2.8,2.8,source_recorded,1.0,Up,source_recorded
324,Switzerland,processed.switzerland.data,97,0,1,0,1,1,2,62.0,62,source_recorded,1.0,M,source_recorded,4.0,ASY,source_recorded,115.0,115,source_recorded,0.0,0,source_zero_coded,?,1,completed,0.0,Normal,source_recorded,128.0,128,source_recorded,1.0,Y,source_recorded,2.5,2.5,source_recorded,3.0,Down,source_recorded
325,Switzerland,processed.switzerland.data,19,0,1,0,1,1,1,46.0,46,source_recorded,1.0,M,source_recorded,4.0,ASY,source_recorded,100.0,100,source_recorded,0.0,0,source_zero_coded,?,1,completed,1.0,ST,source_recorded,133.0,133,source_recorded,0.0,N,source_recorded,-2.6,-2.6,source_recorded,2.0,Flat,source_recorded
326,Switzerland,processed.switzerland.data,13,0,1,0,1,1,1,42.0,42,source_recorded,1.0,M,source_recorded,4.0,ASY,source_recorded,105.0,105,source_recorded,0.0,0,source_zero_coded,?,1,completed,0.0,Normal,source_recorded,128.0,128,source_recorded,1.0,Y,source_recorded,-1.5,-1.5,source_recorded,3.0,Down,source_recorded
327,Switzerland,processed.switzerland.data,18,0,1,0,1,0,0,45.0,45,source_recorded,1.0,M,source_recorded,3.0,NAP,source_recorded,110.0,110,source_recorded,0.0,0,source_zero_coded,?,0,completed,0.0,Normal,source_recorded,138.0,138,source_recorded,0.0,N,source_recorded,-0.1,-0.1,source_recorded,1.0,Up,source_recorded
328,Switzerland,processed.switzerland.data,76,0,1,0,1,1,1,59.0,59,source_recorded,1.0,M,source_recorded,4.0,ASY,source_recorded,125.0,125,source_recorded,0.0,0,source_zero_coded,?,1,completed,0.0,Normal,source_recorded,119.0,119,source_recorded,1.0,Y,source_recorded,0.9,0.9,source_recorded,1.0,Up,source_recorded
329,Switzerland,processed.switzerland.data,40,0,1,0,1,1,2,52.0,52,source_recorded,1.0,M,source_recorded,4.0,ASY,source_recorded,95.0,95,source_recorded,0.0,0,source_zero_coded,?,1,completed,0.0,Normal,source_recorded,82.0,82,source_recorded,1.0,Y,source_recorded,?,0.8,completed,?,Flat,completed
330,Switzerland,processed.switzerland.data,80,0,1,0,1,1,1,60.0,60,source_recorded,1.0,M,source_recorded,4.0,ASY,source_recorded,130.0,130,source_recorded,0.0,0,source_zero_coded,?,1,completed,1.0,ST,source_recorded,130.0,130,source_recorded,1.0,Y,source_recorded,1.1,1.1,source_recorded,3.0,Down,source_recorded
331,Switzerland,processed.switzerland.data,78,0,1,0,1,1,1,60.0,60,source_recorded,1.0,M,source_recorded,3.0,NAP,source_recorded,115.0,115,source_recorded,0.0,0,source_zero_coded,?,1,completed,0.0,Normal,source_recorded,143.0,143,source_recorded,0.0,N,source_recorded,2.4,2.4,source_recorded,1.0,Up,source_recorded
332,Switzerland,processed.switzerland.data,59,0,1,0,1,1,1,56.0,56,source_recorded,1.0,M,source_recorded,4.0,ASY,source_recorded,115.0,115,source_recorded,0.0,0,source_zero_coded,?,1,completed,1.0,ST,source_recorded,82.0,82,source_recorded,0.0,N,source_recorded,-1.0,-1.0,source_recorded,1.0,Up,source_recorded
333,Switzerland,processed.switzerland.data,7,0,1,0,1,0,0,38.0,38,source_recorded,1.0,M,source_recorded,3.0,NAP,source_recorded,100.0,100,source_recorded,0.0,0,source_zero_coded,?,0,completed,0.0,Normal,source_recorded,179.0,179,source_recorded,0.0,N,source_recorded,-1.1,-1.1,source_recorded,1.0,Up,source_recorded
334,Switzerland,processed.switzerland.data,11,0,1,0,1,1,2,40.0,40,source_recorded,1.0,M,source_recorded,4.0,ASY,source_recorded,95.0,95,source_recorded,0.0,0,source_zero_coded,?,1,completed,1.0,ST,source_recorded,144.0,144,source_recorded,0.0,N,source_recorded,0.0,0.0,source_recorded,1.0,Up,source_recorded
335,Switzerland,processed.switzerland.data,33,0,1,0,1,1,2,51.0,51,source_recorded,1.0,M,source_recorded,4.0,ASY,source_recorded,130.0,130,source_recorded,0.0,0,source_zero_coded,?,1,completed,0.0,Normal,source_recorded,170.0,170,source_recorded,0.0,N,source_recorded,-0.7,-0.7,source_recorded,1.0,Up,source_recorded
336,Switzerland,processed.switzerland.data,95,0,1,0,1,1,1,62.0,62,source_recorded,1.0,M,source_recorded,1.0,TA,source_recorded,120.0,120,source_recorded,0.0,0,source_zero_coded,?,1,completed,2.0,LVH,source_recorded,134.0,134,source_recorded,0.0,N,source_recorded,-0.8,-0.8,source_recorded,2.0,Flat,source_recorded
337,Switzerland,processed.switzerland.data,121,0,1,0,1,0,0,72.0,72,source_recorded,1.0,M,source_recorded,3.0,NAP,source_recorded,160.0,160,source_recorded,0.0,0,source_zero_coded,?,0,completed,2.0,LVH,source_recorded,114.0,114,source_recorded,0.0,N,source_recorded,1.6,1.6,source_recorded,2.0,Flat,source_recorded
338,Switzerland,processed.switzerland.data,103,0,1,0,1,1,3,63.0,63,source_recorded,1.0,M,source_recorded,4.0,ASY,source_recorded,150.0,150,source_recorded,0.0,0,source_zero_coded,?,1,completed,1.0,ST,source_recorded,154.0,154,source_recorded,0.0,N,source_recorded,3.7,3.7,source_recorded,1.0,Up,source_recorded
339,Switzerland,processed.switzerland.data,101,0,1,0,1,1,2,63.0,63,source_recorded,1.0,M,source_recorded,4.0,ASY,source_recorded,140.0,140,source_recorded,0.0,0,source_zero_coded,?,1,completed,2.0,LVH,source_recorded,149.0,149,source_recorded,0.0,N,source_recorded,2.0,2.0,source_recorded,1.0,Up,source_recorded
340,Switzerland,processed.switzerland.data,106,0,1,0,1,1,1,64.0,64,source_recorded,0.0,F,source_recorded,4.0,ASY,source_recorded,95.0,95,source_recorded,0.0,0,source_zero_coded,?,1,completed,0.0,Normal,source_recorded,145.0,145,source_recorded,0.0,N,source_recorded,1.1,1.1,source_recorded,3.0,Down,source_recorded
341,Switzerland,processed.switzerland.data,15,0,1,0,1,1,3,43.0,43,source_recorded,1.0,M,source_recorded,4.0,ASY,source_recorded,100.0,100,source_recorded,0.0,0,source_zero_coded,?,1,completed,0.0,Normal,source_recorded,122.0,122,source_recorded,0.0,N,source_recorded,1.5,1.5,source_recorded,3.0,Down,source_recorded
342,Switzerland,processed.switzerland.data,107,0,1,0,1,1,1,64.0,64,source_recorded,1.0,M,source_recorded,4.0,ASY,source_recorded,110.0,110,source_recorded,0.0,0,source_zero_coded,?,1,completed,0.0,Normal,source_recorded,114.0,114,source_recorded,1.0,Y,source_recorded,1.3,1.3,source_recorded,3.0,Down,source_recorded
343,Switzerland,processed.switzerland.data,86,0,1,0,1,1,1,61.0,61,source_recorded,1.0,M,source_recorded,4.0,ASY,source_recorded,110.0,110,source_recorded,0.0,0,source_zero_coded,?,1,completed,0.0,Normal,source_recorded,113.0,113,source_recorded,0.0,N,source_recorded,1.4,1.4,source_recorded,2.0,Flat,source_recorded
344,Switzerland,processed.switzerland.data,37,0,1,0,1,1,2,52.0,52,source_recorded,1.0,M,source_recorded,4.0,ASY,source_recorded,130.0,130,source_recorded,0.0,0,source_zero_coded,?,1,completed,0.0,Normal,source_recorded,120.0,120,source_recorded,0.0,N,source_recorded,0.0,0.0,source_recorded,2.0,Flat,source_recorded
345,Switzerland,processed.switzerland.data,32,0,1,0,1,1,3,51.0,51,source_recorded,1.0,M,source_recorded,4.0,ASY,source_recorded,120.0,120,source_recorded,0.0,0,source_zero_coded,1.0,1,source_recorded,0.0,Normal,source_recorded,104.0,104,source_recorded,0.0,N,source_recorded,0.0,0.0,source_recorded,2.0,Flat,source_recorded
346,Switzerland,processed.switzerland.data,117,0,1,0,1,1,1,69.0,69,source_recorded,1.0,M,source_recorded,4.0,ASY,source_recorded,135.0,135,source_recorded,0.0,0,source_zero_coded,0.0,0,source_recorded,0.0,Normal,source_recorded,130.0,130,source_recorded,0.0,N,source_recorded,0.0,0.0,source_recorded,2.0,Flat,source_recorded
347,Switzerland,processed.switzerland.data,75,0,1,0,1,1,2,59.0,59,source_recorded,1.0,M,source_recorded,4.0,ASY,source_recorded,120.0,120,source_recorded,0.0,0,source_zero_coded,0.0,0,source_recorded,0.0,Normal,source_recorded,115.0,115,source_recorded,0.0,N,source_recorded,0.0,0.0,source_recorded,2.0,Flat,source_recorded
348,Switzerland,processed.switzerland.data,25,0,1,0,1,1,2,48.0,48,source_recorded,1.0,M,source_recorded,4.0,ASY,source_recorded,115.0,115,source_recorded,0.0,0,source_zero_coded,?,1,completed,0.0,Normal,source_recorded,128.0,128,source_recorded,0.0,N,source_recorded,0.0,0.0,source_recorded,2.0,Flat,source_recorded
349,Switzerland,processed.switzerland.data,118,0,1,0,1,1,3,69.0,69,source_recorded,1.0,M,source_recorded,4.0,ASY,source_recorded,?,137,completed,0.0,0,source_zero_coded,0.0,0,source_recorded,1.0,ST,source_recorded,?,104,completed,?,Y,completed,?,1.6,completed,?,Flat,completed
350,Switzerland,processed.switzerland.data,4,0,1,0,1,1,1,36.0,36,source_recorded,1.0,M,source_recorded,4.0,ASY,source_recorded,110.0,110,source_recorded,0.0,0,source_zero_coded,?,1,completed,0.0,Normal,source_recorded,125.0,125,source_recorded,1.0,Y,source_recorded,1.0,1.0,source_recorded,2.0,Flat,source_recorded
351,Switzerland,processed.switzerland.data,45,0,1,0,1,1,1,53.0,53,source_recorded,1.0,M,source_recorded,4.0,ASY,source_recorded,120.0,120,source_recorded,0.0,0,source_zero_coded,?,1,completed,0.0,Normal,source_recorded,120.0,120,source_recorded,0.0,N,source_recorded,0.0,0.0,source_recorded,2.0,Flat,source_recorded
352,Switzerland,processed.switzerland.data,17,0,1,0,1,1,2,43.0,43,source_recorded,1.0,M,source_recorded,4.0,ASY,source_recorded,140.0,140,source_recorded,0.0,0,source_zero_coded,0.0,0,source_recorded,1.0,ST,source_recorded,140.0,140,source_recorded,1.0,Y,source_recorded,0.5,0.5,source_recorded,1.0,Up,source_recorded
353,Switzerland,processed.switzerland.data,60,0,1,0,1,1,2,56.0,56,source_recorded,1.0,M,source_recorded,4.0,ASY,source_recorded,120.0,120,source_recorded,0.0,0,source_zero_coded,0.0,0,source_recorded,1.0,ST,source_recorded,100.0,100,source_recorded,1.0,Y,source_recorded,-1.0,-1.0,source_recorded,3.0,Down,source_recorded
354,Switzerland,processed.switzerland.data,71,0,1,0,1,1,4,58.0,58,source_recorded,1.0,M,source_recorded,4.0,ASY,source_recorded,130.0,130,source_recorded,0.0,0,source_zero_coded,0.0,0,source_recorded,1.0,ST,source_recorded,100.0,100,source_recorded,1.0,Y,source_recorded,1.0,1.0,source_recorded,2.0,Flat,source_recorded
355,Switzerland,processed.switzerland.data,54,0,1,0,1,1,4,55.0,55,source_recorded,1.0,M,source_recorded,4.0,ASY,source_recorded,120.0,120,source_recorded,0.0,0,source_zero_coded,0.0,0,source_recorded,1.0,ST,source_recorded,92.0,92,source_recorded,0.0,N,source_recorded,0.3,0.3,source_recorded,1.0,Up,source_recorded
356,Switzerland,processed.switzerland.data,114,0,1,0,1,1,2,67.0,67,source_recorded,1.0,M,source_recorded,1.0,TA,source_recorded,145.0,145,source_recorded,0.0,0,source_zero_coded,0.0,0,source_recorded,2.0,LVH,source_recorded,125.0,125,source_recorded,0.0,N,source_recorded,0.0,0.0,source_recorded,2.0,Flat,source_recorded
357,Switzerland,processed.switzerland.data,20,0,1,0,1,1,1,46.0,46,source_recorded,1.0,M,source_recorded,4.0,ASY,source_recorded,115.0,115,source_recorded,0.0,0,source_zero_coded,0.0,0,source_recorded,0.0,Normal,source_recorded,113.0,113,source_recorded,1.0,Y,source_recorded,1.5,1.5,source_recorded,2.0,Flat,source_recorded
358,Switzerland,processed.switzerland.data,41,0,1,0,1,1,3,53.0,53,source_recorded,1.0,M,source_recorded,2.0,ATA,source_recorded,120.0,120,source_recorded,0.0,0,source_zero_coded,0.0,0,source_recorded,0.0,Normal,source_recorded,95.0,95,source_recorded,0.0,N,source_recorded,0.0,0.0,source_recorded,2.0,Flat,source_recorded
359,Switzerland,processed.switzerland.data,8,0,1,0,1,1,1,38.0,38,source_recorded,1.0,M,source_recorded,3.0,NAP,source_recorded,115.0,115,source_recorded,0.0,0,source_zero_coded,0.0,0,source_recorded,0.0,Normal,source_recorded,128.0,128,source_recorded,1.0,Y,source_recorded,0.0,0.0,source_recorded,2.0,Flat,source_recorded
360,Switzerland,processed.switzerland.data,43,0,1,0,1,1,1,53.0,53,source_recorded,1.0,M,source_recorded,3.0,NAP,source_recorded,105.0,105,source_recorded,0.0,0,source_zero_coded,0.0,0,source_recorded,0.0,Normal,source_recorded,115.0,115,source_recorded,0.0,N,source_recorded,0.0,0.0,source_recorded,2.0,Flat,source_recorded
361,Switzerland,processed.switzerland.data,96,0,1,0,1,1,3,62.0,62,source_recorded,1.0,M,source_recorded,3.0,NAP,source_recorded,160.0,160,source_recorded,0.0,0,source_zero_coded,0.0,0,source_recorded,0.0,Normal,source_recorded,72.0,72,source_recorded,1.0,Y,source_recorded,0.0,0.0,source_recorded,2.0,Flat,source_recorded
362,Switzerland,processed.switzerland.data,24,0,1,0,1,1,1,47.0,47,source_recorded,1.0,M,source_recorded,4.0,ASY,source_recorded,160.0,160,source_recorded,0.0,0,source_zero_coded,0.0,0,source_recorded,0.0,Normal,source_recorded,124.0,124,source_recorded,1.0,Y,source_recorded,0.0,0.0,source_recorded,2.0,Flat,source_recorded
363,Switzerland,processed.switzerland.data,58,0,1,0,1,1,2,56.0,56,source_recorded,1.0,M,source_recorded,3.0,NAP,source_recorded,155.0,155,source_recorded,0.0,0,source_zero_coded,0.0,0,source_recorded,1.0,ST,source_recorded,99.0,99,source_recorded,0.0,N,source_recorded,0.0,0.0,source_recorded,2.0,Flat,source_recorded
364,Switzerland,processed.switzerland.data,61,0,1,0,1,1,2,56.0,56,source_recorded,1.0,M,source_recorded,4.0,ASY,source_recorded,120.0,120,source_recorded,0.0,0,source_zero_coded,0.0,0,source_recorded,1.0,ST,source_recorded,148.0,148,source_recorded,0.0,N,source_recorded,0.0,0.0,source_recorded,2.0,Flat,source_recorded
365,Switzerland,processed.switzerland.data,56,0,1,0,1,0,0,56.0,56,source_recorded,1.0,M,source_recorded,3.0,NAP,source_recorded,120.0,120,source_recorded,0.0,0,source_zero_coded,0.0,0,source_recorded,0.0,Normal,source_recorded,97.0,97,source_recorded,0.0,N,source_recorded,0.0,0.0,source_recorded,2.0,Flat,source_recorded
366,Switzerland,processed.switzerland.data,105,0,1,0,1,1,3,64.0,64,source_recorded,0.0,F,source_recorded,4.0,ASY,source_recorded,200.0,200,source_recorded,0.0,0,source_zero_coded,0.0,0,source_recorded,0.0,Normal,source_recorded,140.0,140,source_recorded,1.0,Y,source_recorded,1.0,1.0,source_recorded,2.0,Flat,source_recorded
367,Switzerland,processed.switzerland.data,91,0,1,0,1,1,2,61.0,61,source_recorded,1.0,M,source_recorded,4.0,ASY,source_recorded,150.0,150,source_recorded,0.0,0,source_zero_coded,0.0,0,source_recorded,0.0,Normal,source_recorded,117.0,117,source_recorded,1.0,Y,source_recorded,2.0,2.0,source_recorded,2.0,Flat,source_recorded
368,Switzerland,processed.switzerland.data,115,0,1,0,1,1,3,68.0,68,source_recorded,1.0,M,source_recorded,4.0,ASY,source_recorded,135.0,135,source_recorded,0.0,0,source_zero_coded,0.0,0,source_recorded,1.0,ST,source_recorded,120.0,120,source_recorded,1.0,Y,source_recorded,0.0,0.0,source_recorded,1.0,Up,source_recorded
369,Switzerland,processed.switzerland.data,66,0,1,0,1,1,2,57.0,57,source_recorded,1.0,M,source_recorded,4.0,ASY,source_recorded,140.0,140,source_recorded,0.0,0,source_zero_coded,0.0,0,source_recorded,0.0,Normal,source_recorded,120.0,120,source_recorded,1.0,Y,source_recorded,2.0,2.0,source_recorded,2.0,Flat,source_recorded
370,Switzerland,processed.switzerland.data,102,0,1,0,1,1,3,63.0,63,source_recorded,1.0,M,source_recorded,4.0,ASY,source_recorded,150.0,150,source_recorded,0.0,0,source_zero_coded,0.0,0,source_recorded,0.0,Normal,source_recorded,86.0,86,source_recorded,1.0,Y,source_recorded,2.0,2.0,source_recorded,2.0,Flat,source_recorded
371,Switzerland,processed.switzerland.data,81,0,1,0,1,1,3,60.0,60,source_recorded,1.0,M,source_recorded,4.0,ASY,source_recorded,135.0,135,source_recorded,0.0,0,source_zero_coded,0.0,0,source_recorded,0.0,Normal,source_recorded,63.0,63,source_recorded,1.0,Y,source_recorded,0.5,0.5,source_recorded,1.0,Up,source_recorded
372,Switzerland,processed.switzerland.data,113,0,1,0,1,1,3,66.0,66,source_recorded,1.0,M,source_recorded,4.0,ASY,source_recorded,150.0,150,source_recorded,0.0,0,source_zero_coded,0.0,0,source_recorded,0.0,Normal,source_recorded,108.0,108,source_recorded,1.0,Y,source_recorded,2.0,2.0,source_recorded,2.0,Flat,source_recorded
373,Switzerland,processed.switzerland.data,104,0,1,0,1,1,1,63.0,63,source_recorded,1.0,M,source_recorded,4.0,ASY,source_recorded,185.0,185,source_recorded,0.0,0,source_zero_coded,0.0,0,source_recorded,0.0,Normal,source_recorded,98.0,98,source_recorded,1.0,Y,source_recorded,0.0,0.0,source_recorded,1.0,Up,source_recorded
374,Switzerland,processed.switzerland.data,77,0,1,0,1,1,1,59.0,59,source_recorded,1.0,M,source_recorded,4.0,ASY,source_recorded,135.0,135,source_recorded,0.0,0,source_zero_coded,0.0,0,source_recorded,0.0,Normal,source_recorded,115.0,115,source_recorded,1.0,Y,source_recorded,1.0,1.0,source_recorded,2.0,Flat,source_recorded
375,Switzerland,processed.switzerland.data,87,0,1,0,1,1,3,61.0,61,source_recorded,1.0,M,source_recorded,4.0,ASY,source_recorded,125.0,125,source_recorded,0.0,0,source_zero_coded,0.0,0,source_recorded,0.0,Normal,source_recorded,105.0,105,source_recorded,1.0,Y,source_recorded,0.0,0.0,source_recorded,3.0,Down,source_recorded
376,Switzerland,processed.switzerland.data,122,0,1,0,1,1,1,73.0,73,source_recorded,0.0,F,source_recorded,3.0,NAP,source_recorded,160.0,160,source_recorded,0.0,0,source_zero_coded,0.0,0,source_recorded,1.0,ST,source_recorded,121.0,121,source_recorded,0.0,N,source_recorded,0.0,0.0,source_recorded,1.0,Up,source_recorded
377,Switzerland,processed.switzerland.data,22,0,1,0,1,1,3,47.0,47,source_recorded,1.0,M,source_recorded,3.0,NAP,source_recorded,155.0,155,source_recorded,0.0,0,source_zero_coded,0.0,0,source_recorded,0.0,Normal,source_recorded,118.0,118,source_recorded,1.0,Y,source_recorded,1.0,1.0,source_recorded,2.0,Flat,source_recorded
378,Switzerland,processed.switzerland.data,111,0,1,0,1,1,3,65.0,65,source_recorded,1.0,M,source_recorded,4.0,ASY,source_recorded,160.0,160,source_recorded,0.0,0,source_zero_coded,1.0,1,source_recorded,1.0,ST,source_recorded,122.0,122,source_recorded,0.0,N,source_recorded,?,1.2,completed,?,Flat,completed
379,Switzerland,processed.switzerland.data,120,0,1,0,1,1,3,70.0,70,source_recorded,1.0,M,source_recorded,4.0,ASY,source_recorded,140.0,140,source_recorded,0.0,0,source_zero_coded,1.0,1,source_recorded,0.0,Normal,source_recorded,157.0,157,source_recorded,1.0,Y,source_recorded,2.0,2.0,source_recorded,2.0,Flat,source_recorded
380,Switzerland,processed.switzerland.data,28,0,1,0,1,1,3,50.0,50,source_recorded,1.0,M,source_recorded,4.0,ASY,source_recorded,120.0,120,source_recorded,0.0,0,source_zero_coded,0.0,0,source_recorded,1.0,ST,source_recorded,156.0,156,source_recorded,1.0,Y,source_recorded,0.0,0.0,source_recorded,1.0,Up,source_recorded
381,Switzerland,processed.switzerland.data,82,0,1,0,1,1,3,60.0,60,source_recorded,1.0,M,source_recorded,4.0,ASY,source_recorded,160.0,160,source_recorded,0.0,0,source_zero_coded,0.0,0,source_recorded,1.0,ST,source_recorded,99.0,99,source_recorded,1.0,Y,source_recorded,0.5,0.5,source_recorded,2.0,Flat,source_recorded
382,Switzerland,processed.switzerland.data,27,0,1,0,1,1,3,50.0,50,source_recorded,1.0,M,source_recorded,4.0,ASY,source_recorded,115.0,115,source_recorded,0.0,0,source_zero_coded,0.0,0,source_recorded,0.0,Normal,source_recorded,120.0,120,source_recorded,1.0,Y,source_recorded,0.5,0.5,source_recorded,2.0,Flat,source_recorded
383,Switzerland,processed.switzerland.data,16,0,1,0,1,1,4,43.0,43,source_recorded,1.0,M,source_recorded,4.0,ASY,source_recorded,115.0,115,source_recorded,0.0,0,source_zero_coded,0.0,0,source_recorded,0.0,Normal,source_recorded,145.0,145,source_recorded,1.0,Y,source_recorded,2.0,2.0,source_recorded,2.0,Flat,source_recorded
384,Switzerland,processed.switzerland.data,6,0,1,0,1,1,1,38.0,38,source_recorded,0.0,F,source_recorded,4.0,ASY,source_recorded,110.0,110,source_recorded,0.0,0,source_zero_coded,0.0,0,source_recorded,0.0,Normal,source_recorded,156.0,156,source_recorded,0.0,N,source_recorded,0.0,0.0,source_recorded,2.0,Flat,source_recorded
385,Switzerland,processed.switzerland.data,49,0,1,0,1,1,2,54.0,54,source_recorded,1.0,M,source_recorded,4.0,ASY,source_recorded,120.0,120,source_recorded,0.0,0,source_zero_coded,0.0,0,source_recorded,0.0,Normal,source_recorded,155.0,155,source_recorded,0.0,N,source_recorded,0.0,0.0,source_recorded,2.0,Flat,source_recorded
386,Switzerland,processed.switzerland.data,90,0,1,0,1,1,1,61.0,61,source_recorded,1.0,M,source_recorded,4.0,ASY,source_recorded,150.0,150,source_recorded,0.0,0,source_zero_coded,0.0,0,source_recorded,0.0,Normal,source_recorded,105.0,105,source_recorded,1.0,Y,source_recorded,0.0,0.0,source_recorded,2.0,Flat,source_recorded
387,Switzerland,processed.switzerland.data,14,0,1,0,1,1,2,42.0,42,source_recorded,1.0,M,source_recorded,4.0,ASY,source_recorded,145.0,145,source_recorded,0.0,0,source_zero_coded,0.0,0,source_recorded,0.0,Normal,source_recorded,99.0,99,source_recorded,1.0,Y,source_recorded,0.0,0.0,source_recorded,2.0,Flat,source_recorded
388,Switzerland,processed.switzerland.data,47,0,1,0,1,1,2,53.0,53,source_recorded,1.0,M,source_recorded,4.0,ASY,source_recorded,130.0,130,source_recorded,0.0,0,source_zero_coded,0.0,0,source_recorded,2.0,LVH,source_recorded,135.0,135,source_recorded,1.0,Y,source_recorded,1.0,1.0,source_recorded,2.0,Flat,source_recorded
389,Switzerland,processed.switzerland.data,55,0,1,0,1,1,2,55.0,55,source_recorded,1.0,M,source_recorded,4.0,ASY,source_recorded,140.0,140,source_recorded,0.0,0,source_zero_coded,0.0,0,source_recorded,0.0,Normal,source_recorded,83.0,83,source_recorded,0.0,N,source_recorded,0.0,0.0,source_recorded,2.0,Flat,source_recorded
390,Switzerland,processed.switzerland.data,92,0,1,0,1,1,2,61.0,61,source_recorded,1.0,M,source_recorded,4.0,ASY,source_recorded,160.0,160,source_recorded,0.0,0,source_zero_coded,1.0,1,source_recorded,1.0,ST,source_recorded,145.0,145,source_recorded,0.0,N,source_recorded,1.0,1.0,source_recorded,2.0,Flat,source_recorded
391,Switzerland,processed.switzerland.data,35,0,1,0,1,1,2,51.0,51,source_recorded,1.0,M,source_recorded,4.0,ASY,source_recorded,140.0,140,source_recorded,0.0,0,source_zero_coded,0.0,0,source_recorded,0.0,Normal,source_recorded,60.0,60,source_recorded,0.0,N,source_recorded,0.0,0.0,source_recorded,2.0,Flat,source_recorded
392,Switzerland,processed.switzerland.data,119,0,1,0,1,1,1,70.0,70,source_recorded,1.0,M,source_recorded,4.0,ASY,source_recorded,115.0,115,source_recorded,0.0,0,source_zero_coded,0.0,0,source_recorded,1.0,ST,source_recorded,92.0,92,source_recorded,1.0,Y,source_recorded,0.0,0.0,source_recorded,2.0,Flat,source_recorded
393,Switzerland,processed.switzerland.data,88,0,1,0,1,1,3,61.0,61,source_recorded,1.0,M,source_recorded,4.0,ASY,source_recorded,130.0,130,source_recorded,0.0,0,source_zero_coded,0.0,0,source_recorded,2.0,LVH,source_recorded,115.0,115,source_recorded,0.0,N,source_recorded,0.0,0.0,source_recorded,2.0,Flat,source_recorded
394,Switzerland,processed.switzerland.data,10,0,1,0,1,1,1,38.0,38,source_recorded,1.0,M,source_recorded,4.0,ASY,source_recorded,150.0,150,source_recorded,0.0,0,source_zero_coded,?,1,completed,0.0,Normal,source_recorded,120.0,120,source_recorded,1.0,Y,source_recorded,?,0.7,completed,?,Flat,completed
395,Switzerland,processed.switzerland.data,68,0,1,0,1,1,2,57.0,57,source_recorded,1.0,M,source_recorded,4.0,ASY,source_recorded,160.0,160,source_recorded,0.0,0,source_zero_coded,?,1,completed,0.0,Normal,source_recorded,98.0,98,source_recorded,1.0,Y,source_recorded,2.0,2.0,source_recorded,2.0,Flat,source_recorded
396,Switzerland,processed.switzerland.data,9,0,1,0,1,1,2,38.0,38,source_recorded,1.0,M,source_recorded,4.0,ASY,source_recorded,135.0,135,source_recorded,0.0,0,source_zero_coded,?,1,completed,0.0,Normal,source_recorded,150.0,150,source_recorded,0.0,N,source_recorded,0.0,0.0,source_recorded,?,Flat,completed
397,Switzerland,processed.switzerland.data,93,0,1,0,1,1,2,62.0,62,source_recorded,0.0,F,source_recorded,1.0,TA,source_recorded,140.0,140,source_recorded,0.0,0,source_zero_coded,?,1,completed,0.0,Normal,source_recorded,143.0,143,source_recorded,0.0,N,source_recorded,0.0,0.0,source_recorded,?,Flat,completed
398,Switzerland,processed.switzerland.data,72,0,1,0,1,1,1,58.0,58,source_recorded,1.0,M,source_recorded,4.0,ASY,source_recorded,170.0,170,source_recorded,0.0,0,source_zero_coded,?,1,completed,1.0,ST,source_recorded,105.0,105,source_recorded,1.0,Y,source_recorded,0.0,0.0,source_recorded,?,Flat,completed
399,Switzerland,processed.switzerland.data,39,0,1,0,1,1,2,52.0,52,source_recorded,1.0,M,source_recorded,4.0,ASY,source_recorded,165.0,165,source_recorded,0.0,0,source_zero_coded,?,1,completed,0.0,Normal,source_recorded,122.0,122,source_recorded,1.0,Y,source_recorded,1.0,1.0,source_recorded,1.0,Up,source_recorded
400,Switzerland,processed.switzerland.data,84,0,1,0,1,1,3,61.0,61,source_recorded,1.0,M,source_recorded,3.0,NAP,source_recorded,200.0,200,source_recorded,0.0,0,source_zero_coded,?,1,completed,1.0,ST,source_recorded,70.0,70,source_recorded,0.0,N,source_recorded,0.0,0.0,source_recorded,?,Flat,completed
401,Switzerland,processed.switzerland.data,26,0,1,0,1,1,1,50.0,50,source_recorded,0.0,F,source_recorded,4.0,ASY,source_recorded,160.0,160,source_recorded,0.0,0,source_zero_coded,?,1,completed,0.0,Normal,source_recorded,110.0,110,source_recorded,0.0,N,source_recorded,0.0,0.0,source_recorded,?,Flat,completed
402,Switzerland,processed.switzerland.data,34,0,0,1,1,1,1,51.0,51,source_recorded,1.0,M,source_recorded,4.0,ASY,source_recorded,130.0,130,source_recorded,0.0,0,source_zero_coded,?,1,completed,1.0,ST,source_recorded,163.0,163,source_recorded,0.0,N,source_recorded,0.0,0.0,source_recorded,?,Flat,completed
403,Switzerland,processed.switzerland.data,109,0,1,0,1,1,3,65.0,65,source_recorded,1.0,M,source_recorded,4.0,ASY,source_recorded,145.0,145,source_recorded,0.0,0,source_zero_coded,?,1,completed,1.0,ST,source_recorded,67.0,67,source_recorded,0.0,N,source_recorded,?,0.7,completed,?,Flat,completed
404,Switzerland,processed.switzerland.data,38,0,1,0,1,1,2,52.0,52,source_recorded,1.0,M,source_recorded,4.0,ASY,source_recorded,135.0,135,source_recorded,0.0,0,source_zero_coded,?,1,completed,0.0,Normal,source_recorded,128.0,128,source_recorded,1.0,Y,source_recorded,2.0,2.0,source_recorded,2.0,Flat,source_recorded
405,Switzerland,processed.switzerland.data,21,0,1,0,1,1,1,47.0,47,source_recorded,1.0,M,source_recorded,3.0,NAP,source_recorded,110.0,110,source_recorded,0.0,0,source_zero_coded,?,1,completed,0.0,Normal,source_recorded,120.0,120,source_recorded,1.0,Y,source_recorded,0.0,0.0,source_recorded,?,Flat,completed
406,Switzerland,processed.switzerland.data,3,0,1,0,1,1,3,35.0,35,source_recorded,1.0,M,source_recorded,4.0,ASY,source_recorded,?,120,completed,0.0,0,source_zero_coded,?,1,completed,0.0,Normal,source_recorded,130.0,130,source_recorded,1.0,Y,source_recorded,?,1.2,completed,?,Flat,completed
407,Switzerland,processed.switzerland.data,67,0,1,0,1,1,3,57.0,57,source_recorded,1.0,M,source_recorded,4.0,ASY,source_recorded,140.0,140,source_recorded,0.0,0,source_zero_coded,?,1,completed,0.0,Normal,source_recorded,100.0,100,source_recorded,1.0,Y,source_recorded,0.0,0.0,source_recorded,?,Flat,completed
408,Switzerland,processed.switzerland.data,98,0,1,0,1,1,1,62.0,62,source_recorded,1.0,M,source_recorded,4.0,ASY,source_recorded,115.0,115,source_recorded,0.0,0,source_zero_coded,?,1,completed,0.0,Normal,source_recorded,72.0,72,source_recorded,1.0,Y,source_recorded,-0.5,-0.5,source_recorded,2.0,Flat,source_recorded
409,Switzerland,processed.switzerland.data,74,0,1,0,1,1,3,59.0,59,source_recorded,1.0,M,source_recorded,4.0,ASY,source_recorded,110.0,110,source_recorded,0.0,0,source_zero_coded,?,1,completed,0.0,Normal,source_recorded,94.0,94,source_recorded,0.0,N,source_recorded,0.0,0.0,source_recorded,?,Flat,completed
410,Switzerland,processed.switzerland.data,44,0,1,0,1,1,1,53.0,53,source_recorded,1.0,M,source_recorded,3.0,NAP,source_recorded,160.0,160,source_recorded,0.0,0,source_zero_coded,?,1,completed,2.0,LVH,source_recorded,122.0,122,source_recorded,1.0,Y,source_recorded,0.0,0.0,source_recorded,?,Flat,completed
411,Switzerland,processed.switzerland.data,99,0,1,0,1,1,3,62.0,62,source_recorded,1.0,M,source_recorded,4.0,ASY,source_recorded,150.0,150,source_recorded,0.0,0,source_zero_coded,?,1,completed,1.0,ST,source_recorded,78.0,78,source_recorded,0.0,N,source_recorded,2.0,2.0,source_recorded,2.0,Flat,source_recorded
412,Switzerland,processed.switzerland.data,51,0,1,0,1,1,1,54.0,54,source_recorded,1.0,M,source_recorded,4.0,ASY,source_recorded,180.0,180,source_recorded,0.0,0,source_zero_coded,?,1,completed,0.0,Normal,source_recorded,150.0,150,source_recorded,0.0,N,source_recorded,1.5,1.5,source_recorded,2.0,Flat,source_recorded
413,Switzerland,processed.switzerland.data,62,0,1,0,1,1,3,56.0,56,source_recorded,1.0,M,source_recorded,4.0,ASY,source_recorded,125.0,125,source_recorded,0.0,0,source_zero_coded,1.0,1,source_recorded,0.0,Normal,source_recorded,103.0,103,source_recorded,1.0,Y,source_recorded,1.0,1.0,source_recorded,2.0,Flat,source_recorded
414,Switzerland,processed.switzerland.data,57,0,1,0,1,1,2,56.0,56,source_recorded,1.0,M,source_recorded,3.0,NAP,source_recorded,125.0,125,source_recorded,0.0,0,source_zero_coded,?,1,completed,0.0,Normal,source_recorded,98.0,98,source_recorded,0.0,N,source_recorded,-2.0,-2.0,source_recorded,2.0,Flat,source_recorded
415,Switzerland,processed.switzerland.data,50,0,1,0,1,1,3,54.0,54,source_recorded,1.0,M,source_recorded,4.0,ASY,source_recorded,130.0,130,source_recorded,0.0,0,source_zero_coded,?,1,completed,0.0,Normal,source_recorded,110.0,110,source_recorded,1.0,Y,source_recorded,3.0,3.0,source_recorded,2.0,Flat,source_recorded
416,Switzerland,processed.switzerland.data,112,0,1,0,1,1,1,66.0,66,source_recorded,0.0,F,source_recorded,4.0,ASY,source_recorded,155.0,155,source_recorded,0.0,0,source_zero_coded,?,1,completed,0.0,Normal,source_recorded,90.0,90,source_recorded,0.0,N,source_recorded,0.0,0.0,source_recorded,?,Flat,completed
417,LongBeachVA,processed.va.data,1,0,1,0,1,1,2,63.0,63,source_recorded,1.0,M,source_recorded,4.0,ASY,source_recorded,140.0,140,source_recorded,260.0,260,source_recorded,0.0,0,source_recorded,1.0,ST,source_recorded,112.0,112,source_recorded,1.0,Y,source_recorded,3.0,3.0,source_recorded,2.0,Flat,source_recorded
418,LongBeachVA,processed.va.data,2,0,1,0,1,0,0,44.0,44,source_recorded,1.0,M,source_recorded,4.0,ASY,source_recorded,130.0,130,source_recorded,209.0,209,source_recorded,0.0,0,source_recorded,1.0,ST,source_recorded,127.0,127,source_recorded,0.0,N,source_recorded,0.0,0.0,source_recorded,?,Up,completed
419,LongBeachVA,processed.va.data,3,0,1,0,1,1,2,60.0,60,source_recorded,1.0,M,source_recorded,4.0,ASY,source_recorded,132.0,132,source_recorded,218.0,218,source_recorded,0.0,0,source_recorded,1.0,ST,source_recorded,140.0,140,source_recorded,1.0,Y,source_recorded,1.5,1.5,source_recorded,3.0,Down,source_recorded
420,LongBeachVA,processed.va.data,4,0,1,0,1,1,1,55.0,55,source_recorded,1.0,M,source_recorded,4.0,ASY,source_recorded,142.0,142,source_recorded,228.0,228,source_recorded,0.0,0,source_recorded,1.0,ST,source_recorded,149.0,149,source_recorded,1.0,Y,source_recorded,2.5,2.5,source_recorded,1.0,Up,source_recorded
421,LongBeachVA,processed.va.data,5,0,1,0,1,0,0,66.0,66,source_recorded,1.0,M,source_recorded,3.0,NAP,source_recorded,110.0,110,source_recorded,213.0,213,source_recorded,1.0,1,source_recorded,2.0,LVH,source_recorded,99.0,99,source_recorded,1.0,Y,source_recorded,1.3,1.3,source_recorded,2.0,Flat,source_recorded
422,LongBeachVA,processed.va.data,6,0,1,0,1,0,0,66.0,66,source_recorded,1.0,M,source_recorded,3.0,NAP,source_recorded,120.0,120,source_recorded,0.0,0,source_zero_coded,0.0,0,source_recorded,1.0,ST,source_recorded,120.0,120,source_recorded,0.0,N,source_recorded,-0.5,-0.5,source_recorded,1.0,Up,source_recorded
423,LongBeachVA,processed.va.data,7,0,1,0,1,1,3,65.0,65,source_recorded,1.0,M,source_recorded,4.0,ASY,source_recorded,150.0,150,source_recorded,236.0,236,source_recorded,1.0,1,source_recorded,1.0,ST,source_recorded,105.0,105,source_recorded,1.0,Y,source_recorded,0.0,0.0,source_recorded,?,Flat,completed
424,LongBeachVA,processed.va.data,8,0,1,0,1,0,0,60.0,60,source_recorded,1.0,M,source_recorded,3.0,NAP,source_recorded,180.0,180,source_recorded,0.0,0,source_zero_coded,0.0,0,source_recorded,1.0,ST,source_recorded,140.0,140,source_recorded,1.0,Y,source_recorded,1.5,1.5,source_recorded,2.0,Flat,source_recorded
425,LongBeachVA,processed.va.data,9,0,1,0,1,1,3,60.0,60,source_recorded,1.0,M,source_recorded,3.0,NAP,source_recorded,120.0,120,source_recorded,0.0,0,source_zero_coded,?,1,completed,0.0,Normal,source_recorded,141.0,141,source_recorded,1.0,Y,source_recorded,2.0,2.0,source_recorded,1.0,Up,source_recorded
426,LongBeachVA,processed.va.data,10,0,1,0,1,1,1,60.0,60,source_recorded,1.0,M,source_recorded,2.0,ATA,source_recorded,160.0,160,source_recorded,267.0,267,source_recorded,1.0,1,source_recorded,1.0,ST,source_recorded,157.0,157,source_recorded,0.0,N,source_recorded,0.5,0.5,source_recorded,2.0,Flat,source_recorded
427,LongBeachVA,processed.va.data,11,0,1,0,1,0,0,56.0,56,source_recorded,1.0,M,source_recorded,2.0,ATA,source_recorded,126.0,126,source_recorded,166.0,166,source_recorded,0.0,0,source_recorded,1.0,ST,source_recorded,140.0,140,source_recorded,0.0,N,source_recorded,0.0,0.0,source_recorded,?,Up,completed
428,LongBeachVA,processed.va.data,12,0,1,0,1,1,1,59.0,59,source_recorded,1.0,M,source_recorded,4.0,ASY,source_recorded,140.0,140,source_recorded,0.0,0,source_zero_coded,0.0,0,source_recorded,1.0,ST,source_recorded,117.0,117,source_recorded,1.0,Y,source_recorded,1.0,1.0,source_recorded,2.0,Flat,source_recorded
429,LongBeachVA,processed.va.data,13,0,1,0,1,1,1,62.0,62,source_recorded,1.0,M,source_recorded,4.0,ASY,source_recorded,110.0,110,source_recorded,0.0,0,source_zero_coded,0.0,0,source_recorded,0.0,Normal,source_recorded,120.0,120,source_recorded,1.0,Y,source_recorded,0.5,0.5,source_recorded,2.0,Flat,source_recorded
430,LongBeachVA,processed.va.data,14,0,1,0,1,1,1,63.0,63,source_recorded,1.0,M,source_recorded,3.0,NAP,source_recorded,?,133,completed,0.0,0,source_zero_coded,0.0,0,source_recorded,2.0,LVH,source_recorded,?,120,completed,?,Y,completed,?,1.0,completed,?,Flat,completed
431,LongBeachVA,processed.va.data,15,0,1,0,1,1,1,57.0,57,source_recorded,1.0,M,source_recorded,4.0,ASY,source_recorded,128.0,128,source_recorded,0.0,0,source_zero_coded,1.0,1,source_recorded,1.0,ST,source_recorded,148.0,148,source_recorded,1.0,Y,source_recorded,1.0,1.0,source_recorded,2.0,Flat,source_recorded
432,LongBeachVA,processed.va.data,16,0,1,0,1,0,0,62.0,62,source_recorded,1.0,M,source_recorded,4.0,ASY,source_recorded,120.0,120,source_recorded,220.0,220,source_recorded,0.0,0,source_recorded,1.0,ST,source_recorded,86.0,86,source_recorded,0.0,N,source_recorded,0.0,0.0,source_recorded,?,Up,completed
433,LongBeachVA,processed.va.data,17,0,1,0,1,1,4,63.0,63,source_recorded,1.0,M,source_recorded,4.0,ASY,source_recorded,170.0,170,source_recorded,177.0,177,source_recorded,0.0,0,source_recorded,0.0,Normal,source_recorded,84.0,84,source_recorded,1.0,Y,source_recorded,2.5,2.5,source_recorded,3.0,Down,source_recorded
434,LongBeachVA,processed.va.data,18,0,1,0,1,1,1,46.0,46,source_recorded,1.0,M,source_recorded,4.0,ASY,source_recorded,110.0,110,source_recorded,236.0,236,source_recorded,0.0,0,source_recorded,0.0,Normal,source_recorded,125.0,125,source_recorded,1.0,Y,source_recorded,2.0,2.0,source_recorded,2.0,Flat,source_recorded
435,LongBeachVA,processed.va.data,19,0,1,0,1,0,0,63.0,63,source_recorded,1.0,M,source_recorded,4.0,ASY,source_recorded,126.0,126,source_recorded,0.0,0,source_zero_coded,0.0,0,source_recorded,1.0,ST,source_recorded,120.0,120,source_recorded,0.0,N,source_recorded,1.5,1.5,source_recorded,3.0,Down,source_recorded
436,LongBeachVA,processed.va.data,20,0,1,0,1,0,0,60.0,60,source_recorded,1.0,M,source_recorded,4.0,ASY,source_recorded,152.0,152,source_recorded,0.0,0,source_zero_coded,0.0,0,source_recorded,1.0,ST,source_recorded,118.0,118,source_recorded,1.0,Y,source_recorded,0.0,0.0,source_recorded,?,Up,completed
437,LongBeachVA,processed.va.data,21,0,1,0,1,1,2,58.0,58,source_recorded,1.0,M,source_recorded,4.0,ASY,source_recorded,116.0,116,source_recorded,0.0,0,source_zero_coded,0.0,0,source_recorded,0.0,Normal,source_recorded,124.0,124,source_recorded,0.0,N,source_recorded,1.0,1.0,source_recorded,1.0,Up,source_recorded
438,LongBeachVA,processed.va.data,22,0,1,0,1,1,1,64.0,64,source_recorded,1.0,M,source_recorded,4.0,ASY,source_recorded,120.0,120,source_recorded,0.0,0,source_zero_coded,1.0,1,source_recorded,1.0,ST,source_recorded,106.0,106,source_recorded,0.0,N,source_recorded,2.0,2.0,source_recorded,2.0,Flat,source_recorded
439,LongBeachVA,processed.va.data,23,0,1,0,1,1,3,63.0,63,source_recorded,1.0,M,source_recorded,3.0,NAP,source_recorded,130.0,130,source_recorded,0.0,0,source_zero_coded,0.0,0,source_recorded,1.0,ST,source_recorded,111.0,111,source_recorded,1.0,Y,source_recorded,0.0,0.0,source_recorded,?,Flat,completed
440,LongBeachVA,processed.va.data,24,0,1,0,1,0,0,74.0,74,source_recorded,1.0,M,source_recorded,3.0,NAP,source_recorded,?,138,completed,0.0,0,source_zero_coded,0.0,0,source_recorded,0.0,Normal,source_recorded,?,116,completed,?,N,completed,?,0.2,completed,?,Up,completed
441,LongBeachVA,processed.va.data,25,0,1,0,1,1,2,52.0,52,source_recorded,1.0,M,source_recorded,3.0,NAP,source_recorded,128.0,128,source_recorded,0.0,0,source_zero_coded,0.0,0,source_recorded,1.0,ST,source_recorded,180.0,180,source_recorded,0.0,N,source_recorded,3.0,3.0,source_recorded,1.0,Up,source_recorded
442,LongBeachVA,processed.va.data,26,0,1,0,1,1,2,69.0,69,source_recorded,1.0,M,source_recorded,4.0,ASY,source_recorded,130.0,130,source_recorded,0.0,0,source_zero_coded,1.0,1,source_recorded,1.0,ST,source_recorded,129.0,129,source_recorded,0.0,N,source_recorded,1.0,1.0,source_recorded,2.0,Flat,source_recorded
443,LongBeachVA,processed.va.data,27,0,1,0,1,1,2,51.0,51,source_recorded,1.0,M,source_recorded,4.0,ASY,source_recorded,?,128,completed,0.0,0,source_zero_coded,1.0,1,source_recorded,1.0,ST,source_recorded,?,125,completed,?,Y,completed,?,1.2,completed,?,Flat,completed
444,LongBeachVA,processed.va.data,28,0,1,0,1,1,1,60.0,60,source_recorded,1.0,M,source_recorded,4.0,ASY,source_recorded,130.0,130,source_recorded,186.0,186,source_recorded,1.0,1,source_recorded,1.0,ST,source_recorded,140.0,140,source_recorded,1.0,Y,source_recorded,0.5,0.5,source_recorded,2.0,Flat,source_recorded
445,LongBeachVA,processed.va.data,29,0,1,0,1,1,1,56.0,56,source_recorded,1.0,M,source_recorded,4.0,ASY,source_recorded,120.0,120,source_recorded,100.0,100,source_recorded,0.0,0,source_recorded,0.0,Normal,source_recorded,120.0,120,source_recorded,1.0,Y,source_recorded,1.5,1.5,source_recorded,2.0,Flat,source_recorded
446,LongBeachVA,processed.va.data,30,0,1,0,1,1,3,55.0,55,source_recorded,1.0,M,source_recorded,3.0,NAP,source_recorded,?,136,completed,228.0,228,source_recorded,0.0,0,source_recorded,1.0,ST,source_recorded,?,124,completed,?,Y,completed,?,1.6,completed,?,Flat,completed
447,LongBeachVA,processed.va.data,31,0,1,0,1,1,3,54.0,54,source_recorded,1.0,M,source_recorded,4.0,ASY,source_recorded,?,130,completed,0.0,0,source_zero_coded,0.0,0,source_recorded,1.0,ST,source_recorded,?,117,completed,?,Y,completed,?,1.4,completed,?,Flat,completed
448,LongBeachVA,processed.va.data,32,0,1,0,1,1,3,77.0,77,source_recorded,1.0,M,source_recorded,4.0,ASY,source_recorded,124.0,124,source_recorded,171.0,171,source_recorded,0.0,0,source_recorded,1.0,ST,source_recorded,110.0,110,source_recorded,1.0,Y,source_recorded,2.0,2.0,source_recorded,1.0,Up,source_recorded
449,LongBeachVA,processed.va.data,33,0,1,0,1,1,3,63.0,63,source_recorded,1.0,M,source_recorded,4.0,ASY,source_recorded,160.0,160,source_recorded,230.0,230,source_recorded,1.0,1,source_recorded,0.0,Normal,source_recorded,105.0,105,source_recorded,1.0,Y,source_recorded,1.0,1.0,source_recorded,2.0,Flat,source_recorded
450,LongBeachVA,processed.va.data,34,0,1,0,1,1,3,55.0,55,source_recorded,1.0,M,source_recorded,3.0,NAP,source_recorded,0.0,0,source_zero_coded,0.0,0,source_zero_coded,0.0,0,source_recorded,0.0,Normal,source_recorded,155.0,155,source_recorded,0.0,N,source_recorded,1.5,1.5,source_recorded,2.0,Flat,source_recorded
451,LongBeachVA,processed.va.data,35,0,1,0,1,1,2,52.0,52,source_recorded,1.0,M,source_recorded,3.0,NAP,source_recorded,122.0,122,source_recorded,0.0,0,source_zero_coded,0.0,0,source_recorded,0.0,Normal,source_recorded,110.0,110,source_recorded,1.0,Y,source_recorded,2.0,2.0,source_recorded,3.0,Down,source_recorded
452,LongBeachVA,processed.va.data,36,0,1,0,1,1,3,64.0,64,source_recorded,1.0,M,source_recorded,4.0,ASY,source_recorded,144.0,144,source_recorded,0.0,0,source_zero_coded,0.0,0,source_recorded,1.0,ST,source_recorded,122.0,122,source_recorded,1.0,Y,source_recorded,1.0,1.0,source_recorded,2.0,Flat,source_recorded
453,LongBeachVA,processed.va.data,37,0,1,0,1,1,2,60.0,60,source_recorded,1.0,M,source_recorded,4.0,ASY,source_recorded,?,140,completed,281.0,281,source_recorded,0.0,0,source_recorded,1.0,ST,source_recorded,?,118,completed,?,Y,completed,?,1.5,completed,?,Flat,completed
454,LongBeachVA,processed.va.data,38,0,1,0,1,0,0,60.0,60,source_recorded,1.0,M,source_recorded,4.0,ASY,source_recorded,120.0,120,source_recorded,0.0,0,source_zero_coded,0.0,0,source_recorded,0.0,Normal,source_recorded,133.0,133,source_recorded,1.0,Y,source_recorded,2.0,2.0,source_recorded,1.0,Up,source_recorded
455,LongBeachVA,processed.va.data,39,0,1,0,1,1,1,58.0,58,source_recorded,1.0,M,source_recorded,4.0,ASY,source_recorded,?,136,completed,203.0,203,source_recorded,1.0,1,source_recorded,0.0,Normal,source_recorded,?,123,completed,?,Y,completed,?,1.2,completed,?,Flat,completed
456,LongBeachVA,processed.va.data,40,0,1,0,1,0,0,59.0,59,source_recorded,1.0,M,source_recorded,4.0,ASY,source_recorded,154.0,154,source_recorded,0.0,0,source_zero_coded,0.0,0,source_recorded,1.0,ST,source_recorded,131.0,131,source_recorded,1.0,Y,source_recorded,1.5,1.5,source_recorded,?,Up,completed
457,LongBeachVA,processed.va.data,41,0,1,0,1,1,3,61.0,61,source_recorded,1.0,M,source_recorded,3.0,NAP,source_recorded,120.0,120,source_recorded,0.0,0,source_zero_coded,0.0,0,source_recorded,0.0,Normal,source_recorded,80.0,80,source_recorded,1.0,Y,source_recorded,0.0,0.0,source_recorded,2.0,Flat,source_recorded
458,LongBeachVA,processed.va.data,42,0,1,0,1,1,1,40.0,40,source_recorded,1.0,M,source_recorded,4.0,ASY,source_recorded,125.0,125,source_recorded,0.0,0,source_zero_coded,1.0,1,source_recorded,0.0,Normal,source_recorded,165.0,165,source_recorded,0.0,N,source_recorded,0.0,0.0,source_recorded,?,Flat,completed
459,LongBeachVA,processed.va.data,43,0,1,0,1,1,3,61.0,61,source_recorded,1.0,M,source_recorded,4.0,ASY,source_recorded,?,134,completed,0.0,0,source_zero_coded,1.0,1,source_recorded,1.0,ST,source_recorded,86.0,86,source_recorded,0.0,N,source_recorded,1.5,1.5,source_recorded,2.0,Flat,source_recorded
460,LongBeachVA,processed.va.data,44,0,1,0,1,0,0,41.0,41,source_recorded,1.0,M,source_recorded,4.0,ASY,source_recorded,104.0,104,source_recorded,0.0,0,source_zero_coded,0.0,0,source_recorded,1.0,ST,source_recorded,111.0,111,source_recorded,0.0,N,source_recorded,0.0,0.0,source_recorded,?,Up,completed
461,LongBeachVA,processed.va.data,45,0,1,0,1,1,4,57.0,57,source_recorded,1.0,M,source_recorded,4.0,ASY,source_recorded,?,139,completed,277.0,277,source_recorded,1.0,1,source_recorded,1.0,ST,source_recorded,?,118,completed,?,Y,completed,?,1.9,completed,?,Flat,completed
462,LongBeachVA,processed.va.data,46,0,1,0,1,1,2,63.0,63,source_recorded,1.0,M,source_recorded,4.0,ASY,source_recorded,136.0,136,source_recorded,0.0,0,source_zero_coded,0.0,0,source_recorded,0.0,Normal,source_recorded,84.0,84,source_recorded,1.0,Y,source_recorded,0.0,0.0,source_recorded,?,Flat,completed
463,LongBeachVA,processed.va.data,47,0,1,0,1,1,1,59.0,59,source_recorded,1.0,M,source_recorded,4.0,ASY,source_recorded,122.0,122,source_recorded,233.0,233,source_recorded,0.0,0,source_recorded,0.0,Normal,source_recorded,117.0,117,source_recorded,1.0,Y,source_recorded,1.3,1.3,source_recorded,3.0,Down,source_recorded
464,LongBeachVA,processed.va.data,48,0,1,0,1,0,0,51.0,51,source_recorded,1.0,M,source_recorded,4.0,ASY,source_recorded,128.0,128,source_recorded,0.0,0,source_zero_coded,0.0,0,source_recorded,0.0,Normal,source_recorded,107.0,107,source_recorded,0.0,N,source_recorded,0.0,0.0,source_recorded,?,Up,completed
465,LongBeachVA,processed.va.data,49,0,1,0,1,1,2,59.0,59,source_recorded,1.0,M,source_recorded,3.0,NAP,source_recorded,?,131,completed,0.0,0,source_zero_coded,0.0,0,source_recorded,0.0,Normal,source_recorded,128.0,128,source_recorded,1.0,Y,source_recorded,2.0,2.0,source_recorded,3.0,Down,source_recorded
466,LongBeachVA,processed.va.data,50,0,1,0,1,0,0,42.0,42,source_recorded,1.0,M,source_recorded,3.0,NAP,source_recorded,134.0,134,source_recorded,240.0,240,source_recorded,?,0,completed,0.0,Normal,source_recorded,160.0,160,source_recorded,0.0,N,source_recorded,0.0,0.0,source_recorded,?,Up,completed
467,LongBeachVA,processed.va.data,51,0,1,0,1,1,1,55.0,55,source_recorded,1.0,M,source_recorded,3.0,NAP,source_recorded,120.0,120,source_recorded,0.0,0,source_zero_coded,0.0,0,source_recorded,1.0,ST,source_recorded,125.0,125,source_recorded,1.0,Y,source_recorded,2.5,2.5,source_recorded,2.0,Flat,source_recorded
468,LongBeachVA,processed.va.data,52,0,1,0,1,0,0,63.0,63,source_recorded,0.0,F,source_recorded,2.0,ATA,source_recorded,?,132,completed,0.0,0,source_zero_coded,0.0,0,source_recorded,0.0,Normal,source_recorded,?,130,completed,?,N,completed,?,0.1,completed,?,Up,completed
469,LongBeachVA,processed.va.data,53,0,1,0,1,1,2,62.0,62,source_recorded,1.0,M,source_recorded,4.0,ASY,source_recorded,152.0,152,source_recorded,153.0,153,source_recorded,0.0,0,source_recorded,1.0,ST,source_recorded,97.0,97,source_recorded,1.0,Y,source_recorded,1.6,1.6,source_recorded,1.0,Up,source_recorded
470,LongBeachVA,processed.va.data,54,0,1,0,1,0,0,56.0,56,source_recorded,1.0,M,source_recorded,2.0,ATA,source_recorded,124.0,124,source_recorded,224.0,224,source_recorded,1.0,1,source_recorded,0.0,Normal,source_recorded,161.0,161,source_recorded,0.0,N,source_recorded,2.0,2.0,source_recorded,2.0,Flat,source_recorded
471,LongBeachVA,processed.va.data,55,0,1,0,1,1,1,53.0,53,source_recorded,1.0,M,source_recorded,4.0,ASY,source_recorded,126.0,126,source_recorded,0.0,0,source_zero_coded,0.0,0,source_recorded,0.0,Normal,source_recorded,106.0,106,source_recorded,0.0,N,source_recorded,0.0,0.0,source_recorded,?,Flat,completed
472,LongBeachVA,processed.va.data,56,0,1,0,1,1,2,68.0,68,source_recorded,1.0,M,source_recorded,4.0,ASY,source_recorded,138.0,138,source_recorded,0.0,0,source_zero_coded,0.0,0,source_recorded,0.0,Normal,source_recorded,130.0,130,source_recorded,1.0,Y,source_recorded,3.0,3.0,source_recorded,2.0,Flat,source_recorded
473,LongBeachVA,processed.va.data,57,0,1,0,1,1,2,53.0,53,source_recorded,1.0,M,source_recorded,4.0,ASY,source_recorded,154.0,154,source_recorded,0.0,0,source_zero_coded,?,1,completed,1.0,ST,source_recorded,140.0,140,source_recorded,1.0,Y,source_recorded,1.5,1.5,source_recorded,2.0,Flat,source_recorded
474,LongBeachVA,processed.va.data,58,0,1,0,1,1,3,60.0,60,source_recorded,1.0,M,source_recorded,3.0,NAP,source_recorded,?,141,completed,316.0,316,source_recorded,1.0,1,source_recorded,1.0,ST,source_recorded,?,122,completed,?,Y,completed,?,1.7,completed,?,Flat,completed
475,LongBeachVA,processed.va.data,59,0,1,0,1,0,0,62.0,62,source_recorded,1.0,M,source_recorded,2.0,ATA,source_recorded,?,131,completed,0.0,0,source_zero_coded,0.0,0,source_recorded,0.0,Normal,source_recorded,?,130,completed,?,N,completed,?,0.1,completed,?,Up,completed
476,LongBeachVA,processed.va.data,60,0,1,0,1,1,1,59.0,59,source_recorded,1.0,M,source_recorded,4.0,ASY,source_recorded,178.0,178,source_recorded,0.0,0,source_zero_coded,1.0,1,source_recorded,2.0,LVH,source_recorded,120.0,120,source_recorded,1.0,Y,source_recorded,0.0,0.0,source_recorded,?,Flat,completed
477,LongBeachVA,processed.va.data,61,0,1,0,1,0,0,51.0,51,source_recorded,1.0,M,source_recorded,4.0,ASY,source_recorded,?,132,completed,218.0,218,source_recorded,1.0,1,source_recorded,2.0,LVH,source_recorded,?,139,completed,?,N,completed,?,0.1,completed,?,Up,completed
478,LongBeachVA,processed.va.data,62,0,1,0,1,1,2,61.0,61,source_recorded,1.0,M,source_recorded,4.0,ASY,source_recorded,110.0,110,source_recorded,0.0,0,source_zero_coded,?,1,completed,0.0,Normal,source_recorded,108.0,108,source_recorded,1.0,Y,source_recorded,2.0,2.0,source_recorded,3.0,Down,source_recorded
479,LongBeachVA,processed.va.data,63,0,1,0,1,1,1,57.0,57,source_recorded,1.0,M,source_recorded,4.0,ASY,source_recorded,130.0,130,source_recorded,311.0,311,source_recorded,?,1,completed,1.0,ST,source_recorded,148.0,148,source_recorded,1.0,Y,source_recorded,2.0,2.0,source_recorded,2.0,Flat,source_recorded
480,LongBeachVA,processed.va.data,64,0,1,0,1,1,4,56.0,56,source_recorded,1.0,M,source_recorded,3.0,NAP,source_recorded,170.0,170,source_recorded,0.0,0,source_zero_coded,0.0,0,source_recorded,2.0,LVH,source_recorded,123.0,123,source_recorded,1.0,Y,source_recorded,2.5,2.5,source_recorded,?,Flat,completed
481,LongBeachVA,processed.va.data,65,0,1,0,1,1,2,58.0,58,source_recorded,1.0,M,source_recorded,2.0,ATA,source_recorded,126.0,126,source_recorded,0.0,0,source_zero_coded,1.0,1,source_recorded,0.0,Normal,source_recorded,110.0,110,source_recorded,1.0,Y,source_recorded,2.0,2.0,source_recorded,2.0,Flat,source_recorded
482,LongBeachVA,processed.va.data,66,0,1,0,1,1,2,69.0,69,source_recorded,1.0,M,source_recorded,3.0,NAP,source_recorded,140.0,140,source_recorded,0.0,0,source_zero_coded,?,1,completed,1.0,ST,source_recorded,118.0,118,source_recorded,0.0,N,source_recorded,2.5,2.5,source_recorded,3.0,Down,source_recorded
483,LongBeachVA,processed.va.data,67,0,1,0,1,1,3,67.0,67,source_recorded,1.0,M,source_recorded,1.0,TA,source_recorded,142.0,142,source_recorded,270.0,270,source_recorded,1.0,1,source_recorded,0.0,Normal,source_recorded,125.0,125,source_recorded,0.0,N,source_recorded,2.5,2.5,source_recorded,1.0,Up,source_recorded
484,LongBeachVA,processed.va.data,68,0,1,0,1,1,1,58.0,58,source_recorded,1.0,M,source_recorded,4.0,ASY,source_recorded,120.0,120,source_recorded,0.0,0,source_zero_coded,0.0,0,source_recorded,2.0,LVH,source_recorded,106.0,106,source_recorded,1.0,Y,source_recorded,1.5,1.5,source_recorded,3.0,Down,source_recorded
485,LongBeachVA,processed.va.data,69,0,1,0,1,1,1,65.0,65,source_recorded,1.0,M,source_recorded,4.0,ASY,source_recorded,?,134,completed,0.0,0,source_zero_coded,0.0,0,source_recorded,0.0,Normal,source_recorded,?,112,completed,?,Y,completed,?,1.1,completed,?,Flat,completed
486,LongBeachVA,processed.va.data,70,0,1,0,1,1,1,63.0,63,source_recorded,1.0,M,source_recorded,2.0,ATA,source_recorded,?,139,completed,217.0,217,source_recorded,1.0,1,source_recorded,1.0,ST,source_recorded,?,128,completed,?,Y,completed,?,1.2,completed,?,Flat,completed
487,LongBeachVA,processed.va.data,71,0,1,0,1,0,0,55.0,55,source_recorded,1.0,M,source_recorded,2.0,ATA,source_recorded,110.0,110,source_recorded,214.0,214,source_recorded,1.0,1,source_recorded,1.0,ST,source_recorded,180.0,180,source_recorded,0.0,N,source_recorded,?,0.4,completed,?,Up,completed
488,LongBeachVA,processed.va.data,72,0,1,0,1,1,2,57.0,57,source_recorded,1.0,M,source_recorded,4.0,ASY,source_recorded,140.0,140,source_recorded,214.0,214,source_recorded,0.0,0,source_recorded,1.0,ST,source_recorded,144.0,144,source_recorded,1.0,Y,source_recorded,2.0,2.0,source_recorded,2.0,Flat,source_recorded
489,LongBeachVA,processed.va.data,73,0,1,0,1,0,0,65.0,65,source_recorded,1.0,M,source_recorded,1.0,TA,source_recorded,?,140,completed,252.0,252,source_recorded,0.0,0,source_recorded,0.0,Normal,source_recorded,?,135,completed,?,N,completed,?,0.3,completed,?,Up,completed
490,LongBeachVA,processed.va.data,74,0,1,0,1,1,3,54.0,54,source_recorded,1.0,M,source_recorded,4.0,ASY,source_recorded,136.0,136,source_recorded,220.0,220,source_recorded,0.0,0,source_recorded,0.0,Normal,source_recorded,140.0,140,source_recorded,1.0,Y,source_recorded,3.0,3.0,source_recorded,2.0,Flat,source_recorded
491,LongBeachVA,processed.va.data,75,0,1,0,1,1,3,72.0,72,source_recorded,1.0,M,source_recorded,3.0,NAP,source_recorded,120.0,120,source_recorded,214.0,214,source_recorded,0.0,0,source_recorded,0.0,Normal,source_recorded,102.0,102,source_recorded,1.0,Y,source_recorded,1.0,1.0,source_recorded,2.0,Flat,source_recorded
492,LongBeachVA,processed.va.data,76,0,1,0,1,1,1,75.0,75,source_recorded,1.0,M,source_recorded,4.0,ASY,source_recorded,170.0,170,source_recorded,203.0,203,source_recorded,1.0,1,source_recorded,1.0,ST,source_recorded,108.0,108,source_recorded,0.0,N,source_recorded,0.0,0.0,source_recorded,?,Flat,completed
493,LongBeachVA,processed.va.data,77,0,1,0,1,1,2,49.0,49,source_recorded,1.0,M,source_recorded,1.0,TA,source_recorded,130.0,130,source_recorded,0.0,0,source_zero_coded,0.0,0,source_recorded,1.0,ST,source_recorded,145.0,145,source_recorded,0.0,N,source_recorded,3.0,3.0,source_recorded,2.0,Flat,source_recorded
494,LongBeachVA,processed.va.data,78,0,1,0,1,1,3,51.0,51,source_recorded,1.0,M,source_recorded,3.0,NAP,source_recorded,?,137,completed,339.0,339,source_recorded,0.0,0,source_recorded,0.0,Normal,source_recorded,?,127,completed,?,Y,completed,?,1.7,completed,?,Flat,completed
495,LongBeachVA,processed.va.data,79,0,1,0,1,1,2,60.0,60,source_recorded,1.0,M,source_recorded,4.0,ASY,source_recorded,142.0,142,source_recorded,216.0,216,source_recorded,0.0,0,source_recorded,0.0,Normal,source_recorded,110.0,110,source_recorded,1.0,Y,source_recorded,2.5,2.5,source_recorded,2.0,Flat,source_recorded
496,LongBeachVA,processed.va.data,80,0,1,0,1,1,1,64.0,64,source_recorded,0.0,F,source_recorded,4.0,ASY,source_recorded,142.0,142,source_recorded,276.0,276,source_recorded,0.0,0,source_recorded,0.0,Normal,source_recorded,140.0,140,source_recorded,1.0,Y,source_recorded,1.0,1.0,source_recorded,2.0,Flat,source_recorded
497,LongBeachVA,processed.va.data,81,0,1,0,1,0,0,58.0,58,source_recorded,1.0,M,source_recorded,4.0,ASY,source_recorded,132.0,132,source_recorded,458.0,458,source_recorded,1.0,1,source_recorded,0.0,Normal,source_recorded,69.0,69,source_recorded,0.0,N,source_recorded,1.0,1.0,source_recorded,3.0,Down,source_recorded
498,LongBeachVA,processed.va.data,82,0,1,0,1,1,2,61.0,61,source_recorded,1.0,M,source_recorded,4.0,ASY,source_recorded,146.0,146,source_recorded,241.0,241,source_recorded,0.0,0,source_recorded,0.0,Normal,source_recorded,148.0,148,source_recorded,1.0,Y,source_recorded,3.0,3.0,source_recorded,3.0,Down,source_recorded
499,LongBeachVA,processed.va.data,83,0,1,0,1,1,2,67.0,67,source_recorded,1.0,M,source_recorded,4.0,ASY,source_recorded,160.0,160,source_recorded,384.0,384,source_recorded,1.0,1,source_recorded,1.0,ST,source_recorded,130.0,130,source_recorded,1.0,Y,source_recorded,0.0,0.0,source_recorded,2.0,Flat,source_recorded
500,LongBeachVA,processed.va.data,84,0,1,0,1,1,2,62.0,62,source_recorded,1.0,M,source_recorded,4.0,ASY,source_recorded,135.0,135,source_recorded,297.0,297,source_recorded,0.0,0,source_recorded,0.0,Normal,source_recorded,130.0,130,source_recorded,1.0,Y,source_recorded,1.0,1.0,source_recorded,2.0,Flat,source_recorded
501,LongBeachVA,processed.va.data,85,0,1,0,1,1,4,65.0,65,source_recorded,1.0,M,source_recorded,4.0,ASY,source_recorded,136.0,136,source_recorded,248.0,248,source_recorded,0.0,0,source_recorded,0.0,Normal,source_recorded,140.0,140,source_recorded,1.0,Y,source_recorded,4.0,4.0,source_recorded,3.0,Down,source_recorded
502,LongBeachVA,processed.va.data,86,0,1,0,1,1,2,63.0,63,source_recorded,1.0,M,source_recorded,4.0,ASY,source_recorded,130.0,130,source_recorded,308.0,308,source_recorded,0.0,0,source_recorded,0.0,Normal,source_recorded,138.0,138,source_recorded,1.0,Y,source_recorded,2.0,2.0,source_recorded,2.0,Flat,source_recorded
503,LongBeachVA,processed.va.data,87,0,1,0,1,1,3,69.0,69,source_recorded,1.0,M,source_recorded,4.0,ASY,source_recorded,140.0,140,source_recorded,208.0,208,source_recorded,0.0,0,source_recorded,1.0,ST,source_recorded,140.0,140,source_recorded,1.0,Y,source_recorded,2.0,2.0,source_recorded,?,Flat,completed
504,LongBeachVA,processed.va.data,88,0,1,0,1,0,0,51.0,51,source_recorded,1.0,M,source_recorded,4.0,ASY,source_recorded,?,132,completed,227.0,227,source_recorded,1.0,1,source_recorded,1.0,ST,source_recorded,?,138,completed,?,N,completed,?,0.2,completed,?,Up,completed
505,LongBeachVA,processed.va.data,89,0,1,0,1,1,1,62.0,62,source_recorded,1.0,M,source_recorded,4.0,ASY,source_recorded,158.0,158,source_recorded,210.0,210,source_recorded,1.0,1,source_recorded,0.0,Normal,source_recorded,112.0,112,source_recorded,1.0,Y,source_recorded,3.0,3.0,source_recorded,3.0,Down,source_recorded
506,LongBeachVA,processed.va.data,90,0,1,0,1,1,1,55.0,55,source_recorded,1.0,M,source_recorded,3.0,NAP,source_recorded,?,136,completed,245.0,245,source_recorded,1.0,1,source_recorded,1.0,ST,source_recorded,?,131,completed,?,Y,completed,?,1.2,completed,?,Flat,completed
507,LongBeachVA,processed.va.data,91,0,1,0,1,1,3,75.0,75,source_recorded,1.0,M,source_recorded,4.0,ASY,source_recorded,136.0,136,source_recorded,225.0,225,source_recorded,0.0,0,source_recorded,0.0,Normal,source_recorded,112.0,112,source_recorded,1.0,Y,source_recorded,3.0,3.0,source_recorded,2.0,Flat,source_recorded
508,LongBeachVA,processed.va.data,92,0,1,0,1,0,0,40.0,40,source_recorded,1.0,M,source_recorded,3.0,NAP,source_recorded,106.0,106,source_recorded,240.0,240,source_recorded,0.0,0,source_recorded,0.0,Normal,source_recorded,80.0,80,source_recorded,1.0,Y,source_recorded,0.0,0.0,source_recorded,?,Up,completed
509,LongBeachVA,processed.va.data,93,0,1,0,1,1,3,67.0,67,source_recorded,1.0,M,source_recorded,4.0,ASY,source_recorded,120.0,120,source_recorded,0.0,0,source_zero_coded,1.0,1,source_recorded,0.0,Normal,source_recorded,150.0,150,source_recorded,0.0,N,source_recorded,1.5,1.5,source_recorded,3.0,Down,source_recorded
510,LongBeachVA,processed.va.data,94,0,1,0,1,1,1,58.0,58,source_recorded,1.0,M,source_recorded,4.0,ASY,source_recorded,110.0,110,source_recorded,198.0,198,source_recorded,0.0,0,source_recorded,0.0,Normal,source_recorded,110.0,110,source_recorded,0.0,N,source_recorded,0.0,0.0,source_recorded,?,Flat,completed
511,LongBeachVA,processed.va.data,95,0,1,0,1,0,0,60.0,60,source_recorded,1.0,M,source_recorded,4.0,ASY,source_recorded,?,136,completed,195.0,195,source_recorded,0.0,0,source_recorded,0.0,Normal,source_recorded,?,126,completed,?,N,completed,?,0.3,completed,?,Up,completed
512,LongBeachVA,processed.va.data,96,0,1,0,1,1,3,63.0,63,source_recorded,1.0,M,source_recorded,4.0,ASY,source_recorded,160.0,160,source_recorded,267.0,267,source_recorded,1.0,1,source_recorded,1.0,ST,source_recorded,88.0,88,source_recorded,1.0,Y,source_recorded,2.0,2.0,source_recorded,?,Flat,completed
513,LongBeachVA,processed.va.data,97,0,1,0,1,0,0,35.0,35,source_recorded,1.0,M,source_recorded,3.0,NAP,source_recorded,?,123,completed,161.0,161,source_recorded,0.0,0,source_recorded,1.0,ST,source_recorded,?,153,completed,?,N,completed,?,-0.1,completed,?,Up,completed
514,LongBeachVA,processed.va.data,98,0,1,0,1,1,1,62.0,62,source_recorded,1.0,M,source_recorded,1.0,TA,source_recorded,112.0,112,source_recorded,258.0,258,source_recorded,0.0,0,source_recorded,1.0,ST,source_recorded,150.0,150,source_recorded,1.0,Y,source_recorded,?,1.3,completed,?,Flat,completed
515,LongBeachVA,processed.va.data,99,0,1,0,1,1,1,43.0,43,source_recorded,1.0,M,source_recorded,4.0,ASY,source_recorded,122.0,122,source_recorded,0.0,0,source_zero_coded,0.0,0,source_recorded,0.0,Normal,source_recorded,120.0,120,source_recorded,0.0,N,source_recorded,0.5,0.5,source_recorded,1.0,Up,source_recorded
516,LongBeachVA,processed.va.data,100,0,1,0,1,0,0,63.0,63,source_recorded,1.0,M,source_recorded,3.0,NAP,source_recorded,130.0,130,source_recorded,0.0,0,source_zero_coded,1.0,1,source_recorded,1.0,ST,source_recorded,160.0,160,source_recorded,0.0,N,source_recorded,3.0,3.0,source_recorded,2.0,Flat,source_recorded
517,LongBeachVA,processed.va.data,101,0,1,0,1,1,1,68.0,68,source_recorded,1.0,M,source_recorded,3.0,NAP,source_recorded,150.0,150,source_recorded,195.0,195,source_recorded,1.0,1,source_recorded,0.0,Normal,source_recorded,132.0,132,source_recorded,0.0,N,source_recorded,0.0,0.0,source_recorded,?,Flat,completed
518,LongBeachVA,processed.va.data,102,0,1,0,1,1,3,65.0,65,source_recorded,1.0,M,source_recorded,4.0,ASY,source_recorded,150.0,150,source_recorded,235.0,235,source_recorded,0.0,0,source_recorded,0.0,Normal,source_recorded,120.0,120,source_recorded,1.0,Y,source_recorded,1.5,1.5,source_recorded,2.0,Flat,source_recorded
519,LongBeachVA,processed.va.data,103,0,1,0,1,1,1,48.0,48,source_recorded,1.0,M,source_recorded,3.0,NAP,source_recorded,102.0,102,source_recorded,0.0,0,source_zero_coded,?,1,completed,1.0,ST,source_recorded,110.0,110,source_recorded,1.0,Y,source_recorded,1.0,1.0,source_recorded,3.0,Down,source_recorded
520,LongBeachVA,processed.va.data,104,0,1,0,1,1,1,63.0,63,source_recorded,1.0,M,source_recorded,4.0,ASY,source_recorded,96.0,96,source_recorded,305.0,305,source_recorded,0.0,0,source_recorded,1.0,ST,source_recorded,121.0,121,source_recorded,1.0,Y,source_recorded,1.0,1.0,source_recorded,1.0,Up,source_recorded
521,LongBeachVA,processed.va.data,105,0,1,0,1,0,0,64.0,64,source_recorded,1.0,M,source_recorded,4.0,ASY,source_recorded,130.0,130,source_recorded,223.0,223,source_recorded,0.0,0,source_recorded,1.0,ST,source_recorded,128.0,128,source_recorded,0.0,N,source_recorded,0.5,0.5,source_recorded,2.0,Flat,source_recorded
522,LongBeachVA,processed.va.data,106,0,1,0,1,1,3,61.0,61,source_recorded,1.0,M,source_recorded,4.0,ASY,source_recorded,120.0,120,source_recorded,282.0,282,source_recorded,0.0,0,source_recorded,1.0,ST,source_recorded,135.0,135,source_recorded,1.0,Y,source_recorded,4.0,4.0,source_recorded,3.0,Down,source_recorded
523,LongBeachVA,processed.va.data,107,0,1,0,1,1,1,50.0,50,source_recorded,1.0,M,source_recorded,4.0,ASY,source_recorded,144.0,144,source_recorded,349.0,349,source_recorded,0.0,0,source_recorded,2.0,LVH,source_recorded,120.0,120,source_recorded,1.0,Y,source_recorded,1.0,1.0,source_recorded,1.0,Up,source_recorded
524,LongBeachVA,processed.va.data,108,0,1,0,1,1,1,59.0,59,source_recorded,1.0,M,source_recorded,4.0,ASY,source_recorded,124.0,124,source_recorded,?,160,completed,0.0,0,source_recorded,0.0,Normal,source_recorded,117.0,117,source_recorded,1.0,Y,source_recorded,1.0,1.0,source_recorded,2.0,Flat,source_recorded
525,LongBeachVA,processed.va.data,109,0,1,0,1,0,0,55.0,55,source_recorded,1.0,M,source_recorded,4.0,ASY,source_recorded,150.0,150,source_recorded,160.0,160,source_recorded,0.0,0,source_recorded,1.0,ST,source_recorded,150.0,150,source_recorded,0.0,N,source_recorded,0.0,0.0,source_recorded,?,Up,completed
526,LongBeachVA,processed.va.data,110,0,1,0,1,0,0,45.0,45,source_recorded,1.0,M,source_recorded,3.0,NAP,source_recorded,?,130,completed,236.0,236,source_recorded,0.0,0,source_recorded,0.0,Normal,source_recorded,?,144,completed,?,N,completed,?,0.1,completed,?,Up,completed
527,LongBeachVA,processed.va.data,111,0,1,0,1,1,3,65.0,65,source_recorded,1.0,M,source_recorded,4.0,ASY,source_recorded,?,144,completed,312.0,312,source_recorded,0.0,0,source_recorded,2.0,LVH,source_recorded,?,113,completed,?,Y,completed,?,1.7,completed,?,Flat,completed
528,LongBeachVA,processed.va.data,112,0,1,0,1,0,0,61.0,61,source_recorded,1.0,M,source_recorded,2.0,ATA,source_recorded,?,139,completed,283.0,283,source_recorded,0.0,0,source_recorded,0.0,Normal,source_recorded,?,135,completed,?,N,completed,?,0.3,completed,?,Up,completed
529,LongBeachVA,processed.va.data,113,0,1,0,1,1,3,49.0,49,source_recorded,1.0,M,source_recorded,3.0,NAP,source_recorded,?,131,completed,142.0,142,source_recorded,0.0,0,source_recorded,0.0,Normal,source_recorded,?,127,completed,?,Y,completed,?,1.5,completed,?,Flat,completed
530,LongBeachVA,processed.va.data,114,0,1,0,1,1,1,72.0,72,source_recorded,1.0,M,source_recorded,4.0,ASY,source_recorded,?,143,completed,211.0,211,source_recorded,0.0,0,source_recorded,0.0,Normal,source_recorded,?,109,completed,?,Y,completed,?,1.4,completed,?,Flat,completed
531,LongBeachVA,processed.va.data,115,0,1,0,1,1,1,50.0,50,source_recorded,1.0,M,source_recorded,4.0,ASY,source_recorded,?,133,completed,218.0,218,source_recorded,0.0,0,source_recorded,0.0,Normal,source_recorded,?,128,completed,?,Y,completed,?,1.1,completed,?,Flat,completed
532,LongBeachVA,processed.va.data,116,0,1,0,1,1,3,64.0,64,source_recorded,1.0,M,source_recorded,4.0,ASY,source_recorded,?,143,completed,306.0,306,source_recorded,1.0,1,source_recorded,1.0,ST,source_recorded,?,115,completed,?,Y,completed,?,1.8,completed,?,Flat,completed
533,LongBeachVA,processed.va.data,117,0,1,0,1,1,2,55.0,55,source_recorded,1.0,M,source_recorded,4.0,ASY,source_recorded,116.0,116,source_recorded,186.0,186,source_recorded,1.0,1,source_recorded,1.0,ST,source_recorded,102.0,102,source_recorded,0.0,N,source_recorded,0.0,0.0,source_recorded,?,Flat,completed
534,LongBeachVA,processed.va.data,118,0,1,0,1,1,2,63.0,63,source_recorded,1.0,M,source_recorded,4.0,ASY,source_recorded,110.0,110,source_recorded,252.0,252,source_recorded,0.0,0,source_recorded,1.0,ST,source_recorded,140.0,140,source_recorded,1.0,Y,source_recorded,2.0,2.0,source_recorded,2.0,Flat,source_recorded
535,LongBeachVA,processed.va.data,119,0,1,0,1,1,3,59.0,59,source_recorded,1.0,M,source_recorded,4.0,ASY,source_recorded,125.0,125,source_recorded,222.0,222,source_recorded,0.0,0,source_recorded,0.0,Normal,source_recorded,135.0,135,source_recorded,1.0,Y,source_recorded,2.5,2.5,source_recorded,3.0,Down,source_recorded
536,LongBeachVA,processed.va.data,120,0,1,0,1,1,1,56.0,56,source_recorded,1.0,M,source_recorded,4.0,ASY,source_recorded,?,130,completed,0.0,0,source_zero_coded,0.0,0,source_recorded,2.0,LVH,source_recorded,?,122,completed,?,Y,completed,?,1.0,completed,?,Flat,completed
537,LongBeachVA,processed.va.data,121,0,1,0,1,1,2,62.0,62,source_recorded,1.0,M,source_recorded,3.0,NAP,source_recorded,?,133,completed,0.0,0,source_zero_coded,1.0,1,source_recorded,1.0,ST,source_recorded,?,119,completed,?,Y,completed,?,1.2,completed,?,Flat,completed
538,LongBeachVA,processed.va.data,122,0,1,0,1,1,3,74.0,74,source_recorded,1.0,M,source_recorded,4.0,ASY,source_recorded,150.0,150,source_recorded,258.0,258,source_recorded,1.0,1,source_recorded,1.0,ST,source_recorded,130.0,130,source_recorded,1.0,Y,source_recorded,4.0,4.0,source_recorded,3.0,Down,source_recorded
539,LongBeachVA,processed.va.data,123,0,1,0,1,1,1,54.0,54,source_recorded,1.0,M,source_recorded,4.0,ASY,source_recorded,130.0,130,source_recorded,202.0,202,source_recorded,1.0,1,source_recorded,0.0,Normal,source_recorded,112.0,112,source_recorded,1.0,Y,source_recorded,2.0,2.0,source_recorded,2.0,Flat,source_recorded
540,LongBeachVA,processed.va.data,124,0,1,0,1,0,0,57.0,57,source_recorded,1.0,M,source_recorded,4.0,ASY,source_recorded,110.0,110,source_recorded,197.0,197,source_recorded,0.0,0,source_recorded,2.0,LVH,source_recorded,100.0,100,source_recorded,0.0,N,source_recorded,0.0,0.0,source_recorded,?,Up,completed
541,LongBeachVA,processed.va.data,125,0,1,0,1,1,1,62.0,62,source_recorded,1.0,M,source_recorded,3.0,NAP,source_recorded,?,138,completed,204.0,204,source_recorded,0.0,0,source_recorded,1.0,ST,source_recorded,?,122,completed,?,Y,completed,?,1.2,completed,?,Flat,completed
542,LongBeachVA,processed.va.data,126,0,1,0,1,1,4,76.0,76,source_recorded,1.0,M,source_recorded,3.0,NAP,source_recorded,104.0,104,source_recorded,?,113,completed,0.0,0,source_recorded,2.0,LVH,source_recorded,120.0,120,source_recorded,0.0,N,source_recorded,3.5,3.5,source_recorded,3.0,Down,source_recorded
543,LongBeachVA,processed.va.data,127,0,1,0,1,1,1,54.0,54,source_recorded,0.0,F,source_recorded,4.0,ASY,source_recorded,138.0,138,source_recorded,274.0,274,source_recorded,0.0,0,source_recorded,0.0,Normal,source_recorded,105.0,105,source_recorded,1.0,Y,source_recorded,1.5,1.5,source_recorded,2.0,Flat,source_recorded
544,LongBeachVA,processed.va.data,128,0,1,0,1,1,2,70.0,70,source_recorded,1.0,M,source_recorded,4.0,ASY,source_recorded,170.0,170,source_recorded,192.0,192,source_recorded,0.0,0,source_recorded,1.0,ST,source_recorded,129.0,129,source_recorded,1.0,Y,source_recorded,3.0,3.0,source_recorded,3.0,Down,source_recorded
545,LongBeachVA,processed.va.data,129,0,1,0,1,0,0,61.0,61,source_recorded,0.0,F,source_recorded,2.0,ATA,source_recorded,140.0,140,source_recorded,298.0,298,source_recorded,1.0,1,source_recorded,0.0,Normal,source_recorded,120.0,120,source_recorded,1.0,Y,source_recorded,0.0,0.0,source_recorded,?,Up,completed
546,LongBeachVA,processed.va.data,130,0,1,0,1,0,0,48.0,48,source_recorded,1.0,M,source_recorded,4.0,ASY,source_recorded,?,132,completed,272.0,272,source_recorded,0.0,0,source_recorded,1.0,ST,source_recorded,?,139,completed,?,N,completed,?,0.2,completed,?,Up,completed
547,LongBeachVA,processed.va.data,131,0,1,0,1,1,1,48.0,48,source_recorded,1.0,M,source_recorded,3.0,NAP,source_recorded,132.0,132,source_recorded,220.0,220,source_recorded,1.0,1,source_recorded,1.0,ST,source_recorded,162.0,162,source_recorded,0.0,N,source_recorded,0.0,0.0,source_recorded,?,Flat,completed
548,LongBeachVA,processed.va.data,132,0,1,0,1,1,3,61.0,61,source_recorded,1.0,M,source_recorded,1.0,TA,source_recorded,142.0,142,source_recorded,200.0,200,source_recorded,1.0,1,source_recorded,1.0,ST,source_recorded,100.0,100,source_recorded,0.0,N,source_recorded,1.5,1.5,source_recorded,3.0,Down,source_recorded
549,LongBeachVA,processed.va.data,133,0,1,0,1,1,1,66.0,66,source_recorded,1.0,M,source_recorded,4.0,ASY,source_recorded,112.0,112,source_recorded,261.0,261,source_recorded,0.0,0,source_recorded,0.0,Normal,source_recorded,140.0,140,source_recorded,0.0,N,source_recorded,1.5,1.5,source_recorded,1.0,Up,source_recorded
550,LongBeachVA,processed.va.data,134,0,1,0,1,0,0,68.0,68,source_recorded,1.0,M,source_recorded,1.0,TA,source_recorded,?,139,completed,181.0,181,source_recorded,1.0,1,source_recorded,1.0,ST,source_recorded,?,135,completed,?,N,completed,?,0.2,completed,?,Up,completed
551,LongBeachVA,processed.va.data,135,0,1,0,1,1,3,55.0,55,source_recorded,1.0,M,source_recorded,4.0,ASY,source_recorded,172.0,172,source_recorded,260.0,260,source_recorded,0.0,0,source_recorded,0.0,Normal,source_recorded,73.0,73,source_recorded,0.0,N,source_recorded,2.0,2.0,source_recorded,?,Flat,completed
552,LongBeachVA,processed.va.data,136,0,1,0,1,0,0,62.0,62,source_recorded,1.0,M,source_recorded,3.0,NAP,source_recorded,120.0,120,source_recorded,220.0,220,source_recorded,0.0,0,source_recorded,2.0,LVH,source_recorded,86.0,86,source_recorded,0.0,N,source_recorded,0.0,0.0,source_recorded,?,Up,completed
553,LongBeachVA,processed.va.data,137,0,1,0,1,1,3,71.0,71,source_recorded,1.0,M,source_recorded,3.0,NAP,source_recorded,?,144,completed,221.0,221,source_recorded,0.0,0,source_recorded,0.0,Normal,source_recorded,?,108,completed,?,Y,completed,?,1.8,completed,?,Flat,completed
554,LongBeachVA,processed.va.data,138,0,1,0,1,1,3,74.0,74,source_recorded,1.0,M,source_recorded,1.0,TA,source_recorded,?,145,completed,216.0,216,source_recorded,1.0,1,source_recorded,0.0,Normal,source_recorded,?,116,completed,?,Y,completed,?,1.8,completed,?,Flat,completed
555,LongBeachVA,processed.va.data,139,0,1,0,1,0,0,53.0,53,source_recorded,1.0,M,source_recorded,3.0,NAP,source_recorded,155.0,155,source_recorded,175.0,175,source_recorded,1.0,1,source_recorded,1.0,ST,source_recorded,160.0,160,source_recorded,0.0,N,source_recorded,?,0.3,completed,?,Up,completed
556,LongBeachVA,processed.va.data,140,0,0,0,1,1,2,58.0,58,source_recorded,1.0,M,source_recorded,3.0,NAP,source_recorded,150.0,150,source_recorded,219.0,219,source_recorded,0.0,0,source_recorded,1.0,ST,source_recorded,118.0,118,source_recorded,1.0,Y,source_recorded,0.0,0.0,source_recorded,?,Flat,completed
557,LongBeachVA,processed.va.data,141,0,1,0,1,0,0,75.0,75,source_recorded,1.0,M,source_recorded,4.0,ASY,source_recorded,160.0,160,source_recorded,310.0,310,source_recorded,1.0,1,source_recorded,0.0,Normal,source_recorded,112.0,112,source_recorded,1.0,Y,source_recorded,2.0,2.0,source_recorded,3.0,Down,source_recorded
558,LongBeachVA,processed.va.data,142,0,1,0,1,1,4,56.0,56,source_recorded,1.0,M,source_recorded,3.0,NAP,source_recorded,?,137,completed,208.0,208,source_recorded,1.0,1,source_recorded,1.0,ST,source_recorded,?,122,completed,?,Y,completed,?,1.8,completed,?,Flat,completed
559,LongBeachVA,processed.va.data,143,0,1,0,1,1,2,58.0,58,source_recorded,1.0,M,source_recorded,3.0,NAP,source_recorded,?,137,completed,232.0,232,source_recorded,0.0,0,source_recorded,1.0,ST,source_recorded,?,124,completed,?,Y,completed,?,1.4,completed,?,Flat,completed
560,LongBeachVA,processed.va.data,144,0,1,0,1,1,4,64.0,64,source_recorded,1.0,M,source_recorded,4.0,ASY,source_recorded,134.0,134,source_recorded,273.0,273,source_recorded,0.0,0,source_recorded,0.0,Normal,source_recorded,102.0,102,source_recorded,1.0,Y,source_recorded,4.0,4.0,source_recorded,3.0,Down,source_recorded
561,LongBeachVA,processed.va.data,145,0,1,0,1,0,0,54.0,54,source_recorded,1.0,M,source_recorded,3.0,NAP,source_recorded,?,133,completed,203.0,203,source_recorded,0.0,0,source_recorded,1.0,ST,source_recorded,?,137,completed,?,N,completed,?,0.2,completed,?,Up,completed
562,LongBeachVA,processed.va.data,146,0,1,0,1,0,0,54.0,54,source_recorded,1.0,M,source_recorded,2.0,ATA,source_recorded,?,132,completed,182.0,182,source_recorded,0.0,0,source_recorded,1.0,ST,source_recorded,?,141,completed,?,N,completed,?,0.1,completed,?,Up,completed
563,LongBeachVA,processed.va.data,147,0,1,0,1,0,0,59.0,59,source_recorded,1.0,M,source_recorded,4.0,ASY,source_recorded,140.0,140,source_recorded,274.0,274,source_recorded,0.0,0,source_recorded,0.0,Normal,source_recorded,154.0,154,source_recorded,1.0,Y,source_recorded,2.0,2.0,source_recorded,2.0,Flat,source_recorded
564,LongBeachVA,processed.va.data,148,0,1,0,1,1,1,55.0,55,source_recorded,1.0,M,source_recorded,4.0,ASY,source_recorded,?,135,completed,204.0,204,source_recorded,1.0,1,source_recorded,1.0,ST,source_recorded,?,126,completed,?,Y,completed,?,1.1,completed,?,Flat,completed
565,LongBeachVA,processed.va.data,149,0,1,0,1,1,3,57.0,57,source_recorded,1.0,M,source_recorded,4.0,ASY,source_recorded,144.0,144,source_recorded,270.0,270,source_recorded,1.0,1,source_recorded,1.0,ST,source_recorded,160.0,160,source_recorded,1.0,Y,source_recorded,2.0,2.0,source_recorded,2.0,Flat,source_recorded
566,LongBeachVA,processed.va.data,150,0,1,0,1,1,3,61.0,61,source_recorded,1.0,M,source_recorded,4.0,ASY,source_recorded,?,141,completed,292.0,292,source_recorded,0.0,0,source_recorded,1.0,ST,source_recorded,?,115,completed,?,Y,completed,?,1.7,completed,?,Flat,completed
567,LongBeachVA,processed.va.data,151,0,1,0,1,0,0,41.0,41,source_recorded,1.0,M,source_recorded,4.0,ASY,source_recorded,150.0,150,source_recorded,171.0,171,source_recorded,0.0,0,source_recorded,0.0,Normal,source_recorded,128.0,128,source_recorded,1.0,Y,source_recorded,1.5,1.5,source_recorded,2.0,Flat,source_recorded
568,LongBeachVA,processed.va.data,152,0,1,0,1,1,3,71.0,71,source_recorded,1.0,M,source_recorded,4.0,ASY,source_recorded,130.0,130,source_recorded,221.0,221,source_recorded,0.0,0,source_recorded,1.0,ST,source_recorded,115.0,115,source_recorded,1.0,Y,source_recorded,0.0,0.0,source_recorded,?,Flat,completed
569,LongBeachVA,processed.va.data,153,0,1,0,1,1,1,38.0,38,source_recorded,1.0,M,source_recorded,4.0,ASY,source_recorded,110.0,110,source_recorded,289.0,289,source_recorded,0.0,0,source_recorded,0.0,Normal,source_recorded,105.0,105,source_recorded,1.0,Y,source_recorded,1.5,1.5,source_recorded,3.0,Down,source_recorded
570,LongBeachVA,processed.va.data,154,0,1,0,1,1,1,55.0,55,source_recorded,1.0,M,source_recorded,4.0,ASY,source_recorded,158.0,158,source_recorded,217.0,217,source_recorded,0.0,0,source_recorded,0.0,Normal,source_recorded,110.0,110,source_recorded,1.0,Y,source_recorded,2.5,2.5,source_recorded,2.0,Flat,source_recorded
571,LongBeachVA,processed.va.data,155,0,1,0,1,1,2,56.0,56,source_recorded,1.0,M,source_recorded,4.0,ASY,source_recorded,128.0,128,source_recorded,223.0,223,source_recorded,0.0,0,source_recorded,1.0,ST,source_recorded,119.0,119,source_recorded,1.0,Y,source_recorded,2.0,2.0,source_recorded,3.0,Down,source_recorded
572,LongBeachVA,processed.va.data,156,0,1,0,1,1,2,69.0,69,source_recorded,1.0,M,source_recorded,4.0,ASY,source_recorded,?,140,completed,?,110,completed,1.0,1,source_recorded,0.0,Normal,source_recorded,?,109,completed,?,Y,completed,?,1.5,completed,?,Flat,completed
573,LongBeachVA,processed.va.data,157,0,1,0,1,1,2,64.0,64,source_recorded,1.0,M,source_recorded,4.0,ASY,source_recorded,150.0,150,source_recorded,193.0,193,source_recorded,0.0,0,source_recorded,1.0,ST,source_recorded,135.0,135,source_recorded,1.0,Y,source_recorded,0.5,0.5,source_recorded,2.0,Flat,source_recorded
574,LongBeachVA,processed.va.data,158,0,1,0,1,1,2,72.0,72,source_recorded,1.0,M,source_recorded,4.0,ASY,source_recorded,160.0,160,source_recorded,?,123,completed,1.0,1,source_recorded,2.0,LVH,source_recorded,130.0,130,source_recorded,0.0,N,source_recorded,1.5,1.5,source_recorded,?,Flat,completed
575,LongBeachVA,processed.va.data,159,0,1,0,1,1,2,69.0,69,source_recorded,1.0,M,source_recorded,4.0,ASY,source_recorded,?,142,completed,210.0,210,source_recorded,1.0,1,source_recorded,1.0,ST,source_recorded,?,112,completed,?,Y,completed,?,1.5,completed,?,Flat,completed
576,LongBeachVA,processed.va.data,160,0,1,0,1,1,1,56.0,56,source_recorded,1.0,M,source_recorded,4.0,ASY,source_recorded,?,137,completed,282.0,282,source_recorded,1.0,1,source_recorded,0.0,Normal,source_recorded,?,126,completed,?,Y,completed,?,1.2,completed,?,Flat,completed
577,LongBeachVA,processed.va.data,161,0,1,0,1,1,4,62.0,62,source_recorded,1.0,M,source_recorded,4.0,ASY,source_recorded,?,139,completed,170.0,170,source_recorded,0.0,0,source_recorded,1.0,ST,source_recorded,120.0,120,source_recorded,1.0,Y,source_recorded,3.0,3.0,source_recorded,?,Flat,completed
578,LongBeachVA,processed.va.data,162,0,1,0,1,1,3,67.0,67,source_recorded,1.0,M,source_recorded,4.0,ASY,source_recorded,?,146,completed,369.0,369,source_recorded,0.0,0,source_recorded,0.0,Normal,source_recorded,?,110,completed,?,Y,completed,?,1.9,completed,?,Flat,completed
579,LongBeachVA,processed.va.data,163,0,1,0,1,1,3,57.0,57,source_recorded,1.0,M,source_recorded,4.0,ASY,source_recorded,156.0,156,source_recorded,173.0,173,source_recorded,0.0,0,source_recorded,2.0,LVH,source_recorded,119.0,119,source_recorded,1.0,Y,source_recorded,3.0,3.0,source_recorded,3.0,Down,source_recorded
580,LongBeachVA,processed.va.data,164,0,1,0,1,1,3,69.0,69,source_recorded,1.0,M,source_recorded,4.0,ASY,source_recorded,?,145,completed,289.0,289,source_recorded,1.0,1,source_recorded,1.0,ST,source_recorded,?,110,completed,?,Y,completed,?,1.8,completed,?,Flat,completed
581,LongBeachVA,processed.va.data,165,0,1,0,1,1,1,51.0,51,source_recorded,1.0,M,source_recorded,4.0,ASY,source_recorded,?,131,completed,?,152,completed,1.0,1,source_recorded,2.0,LVH,source_recorded,?,130,completed,?,Y,completed,?,1.0,completed,?,Flat,completed
582,LongBeachVA,processed.va.data,166,0,1,0,1,1,3,48.0,48,source_recorded,1.0,M,source_recorded,4.0,ASY,source_recorded,140.0,140,source_recorded,?,208,completed,0.0,0,source_recorded,0.0,Normal,source_recorded,159.0,159,source_recorded,1.0,Y,source_recorded,1.5,1.5,source_recorded,1.0,Up,source_recorded
583,LongBeachVA,processed.va.data,167,0,1,0,1,1,2,69.0,69,source_recorded,1.0,M,source_recorded,4.0,ASY,source_recorded,122.0,122,source_recorded,216.0,216,source_recorded,1.0,1,source_recorded,2.0,LVH,source_recorded,84.0,84,source_recorded,1.0,Y,source_recorded,0.0,0.0,source_recorded,?,Flat,completed
584,LongBeachVA,processed.va.data,168,0,1,0,1,0,0,69.0,69,source_recorded,1.0,M,source_recorded,3.0,NAP,source_recorded,?,142,completed,271.0,271,source_recorded,0.0,0,source_recorded,2.0,LVH,source_recorded,?,126,completed,?,N,completed,?,0.3,completed,?,Up,completed
585,LongBeachVA,processed.va.data,169,0,1,0,1,1,2,64.0,64,source_recorded,1.0,M,source_recorded,4.0,ASY,source_recorded,?,141,completed,244.0,244,source_recorded,1.0,1,source_recorded,1.0,ST,source_recorded,?,116,completed,?,Y,completed,?,1.5,completed,?,Flat,completed
586,LongBeachVA,processed.va.data,170,0,1,0,1,1,1,57.0,57,source_recorded,1.0,M,source_recorded,2.0,ATA,source_recorded,180.0,180,source_recorded,285.0,285,source_recorded,1.0,1,source_recorded,1.0,ST,source_recorded,120.0,120,source_recorded,0.0,N,source_recorded,0.8,0.8,source_recorded,?,Flat,completed
587,LongBeachVA,processed.va.data,171,0,1,0,1,1,1,53.0,53,source_recorded,1.0,M,source_recorded,4.0,ASY,source_recorded,124.0,124,source_recorded,243.0,243,source_recorded,0.0,0,source_recorded,0.0,Normal,source_recorded,122.0,122,source_recorded,1.0,Y,source_recorded,2.0,2.0,source_recorded,2.0,Flat,source_recorded
588,LongBeachVA,processed.va.data,172,0,1,0,1,0,0,37.0,37,source_recorded,1.0,M,source_recorded,3.0,NAP,source_recorded,118.0,118,source_recorded,240.0,240,source_recorded,0.0,0,source_recorded,2.0,LVH,source_recorded,165.0,165,source_recorded,0.0,N,source_recorded,1.0,1.0,source_recorded,2.0,Flat,source_recorded
589,LongBeachVA,processed.va.data,173,0,1,0,1,1,3,67.0,67,source_recorded,1.0,M,source_recorded,4.0,ASY,source_recorded,140.0,140,source_recorded,219.0,219,source_recorded,0.0,0,source_recorded,1.0,ST,source_recorded,122.0,122,source_recorded,1.0,Y,source_recorded,2.0,2.0,source_recorded,2.0,Flat,source_recorded
590,LongBeachVA,processed.va.data,174,0,1,0,1,1,1,74.0,74,source_recorded,1.0,M,source_recorded,3.0,NAP,source_recorded,140.0,140,source_recorded,237.0,237,source_recorded,1.0,1,source_recorded,0.0,Normal,source_recorded,94.0,94,source_recorded,0.0,N,source_recorded,0.0,0.0,source_recorded,?,Flat,completed
591,LongBeachVA,processed.va.data,175,0,1,0,1,0,0,63.0,63,source_recorded,1.0,M,source_recorded,2.0,ATA,source_recorded,?,136,completed,165.0,165,source_recorded,0.0,0,source_recorded,1.0,ST,source_recorded,?,133,completed,?,N,completed,?,0.2,completed,?,Up,completed
592,LongBeachVA,processed.va.data,176,0,1,0,1,0,0,58.0,58,source_recorded,1.0,M,source_recorded,4.0,ASY,source_recorded,100.0,100,source_recorded,213.0,213,source_recorded,0.0,0,source_recorded,1.0,ST,source_recorded,110.0,110,source_recorded,0.0,N,source_recorded,0.0,0.0,source_recorded,?,Up,completed
593,LongBeachVA,processed.va.data,177,0,1,0,1,1,4,61.0,61,source_recorded,1.0,M,source_recorded,4.0,ASY,source_recorded,190.0,190,source_recorded,287.0,287,source_recorded,1.0,1,source_recorded,2.0,LVH,source_recorded,150.0,150,source_recorded,1.0,Y,source_recorded,2.0,2.0,source_recorded,3.0,Down,source_recorded
594,LongBeachVA,processed.va.data,178,0,1,0,1,1,2,64.0,64,source_recorded,1.0,M,source_recorded,4.0,ASY,source_recorded,130.0,130,source_recorded,258.0,258,source_recorded,1.0,1,source_recorded,2.0,LVH,source_recorded,130.0,130,source_recorded,0.0,N,source_recorded,0.0,0.0,source_recorded,?,Flat,completed
595,LongBeachVA,processed.va.data,179,0,1,0,1,1,3,58.0,58,source_recorded,1.0,M,source_recorded,4.0,ASY,source_recorded,160.0,160,source_recorded,256.0,256,source_recorded,1.0,1,source_recorded,2.0,LVH,source_recorded,113.0,113,source_recorded,1.0,Y,source_recorded,1.0,1.0,source_recorded,1.0,Up,source_recorded
596,LongBeachVA,processed.va.data,180,0,1,0,1,1,1,60.0,60,source_recorded,1.0,M,source_recorded,4.0,ASY,source_recorded,130.0,130,source_recorded,186.0,186,source_recorded,1.0,1,source_recorded,2.0,LVH,source_recorded,140.0,140,source_recorded,1.0,Y,source_recorded,0.5,0.5,source_recorded,2.0,Flat,source_recorded
597,LongBeachVA,processed.va.data,181,0,1,0,1,1,1,57.0,57,source_recorded,1.0,M,source_recorded,4.0,ASY,source_recorded,122.0,122,source_recorded,264.0,264,source_recorded,0.0,0,source_recorded,2.0,LVH,source_recorded,100.0,100,source_recorded,0.0,N,source_recorded,0.0,0.0,source_recorded,?,Flat,completed
598,LongBeachVA,processed.va.data,182,0,1,0,1,0,0,55.0,55,source_recorded,1.0,M,source_recorded,3.0,NAP,source_recorded,?,133,completed,?,185,completed,0.0,0,source_recorded,1.0,ST,source_recorded,?,136,completed,?,N,completed,?,0.2,completed,?,Up,completed
599,LongBeachVA,processed.va.data,183,0,1,0,1,1,1,55.0,55,source_recorded,1.0,M,source_recorded,4.0,ASY,source_recorded,120.0,120,source_recorded,226.0,226,source_recorded,0.0,0,source_recorded,2.0,LVH,source_recorded,127.0,127,source_recorded,1.0,Y,source_recorded,1.7,1.7,source_recorded,3.0,Down,source_recorded
600,LongBeachVA,processed.va.data,184,0,1,0,1,1,1,56.0,56,source_recorded,1.0,M,source_recorded,4.0,ASY,source_recorded,130.0,130,source_recorded,203.0,203,source_recorded,1.0,1,source_recorded,0.0,Normal,source_recorded,98.0,98,source_recorded,0.0,N,source_recorded,1.5,1.5,source_recorded,2.0,Flat,source_recorded
601,LongBeachVA,processed.va.data,185,0,1,0,1,0,0,57.0,57,source_recorded,1.0,M,source_recorded,4.0,ASY,source_recorded,130.0,130,source_recorded,207.0,207,source_recorded,0.0,0,source_recorded,1.0,ST,source_recorded,96.0,96,source_recorded,1.0,Y,source_recorded,1.0,1.0,source_recorded,2.0,Flat,source_recorded
602,LongBeachVA,processed.va.data,186,0,1,0,1,1,1,61.0,61,source_recorded,1.0,M,source_recorded,3.0,NAP,source_recorded,?,140,completed,284.0,284,source_recorded,0.0,0,source_recorded,0.0,Normal,source_recorded,?,123,completed,?,Y,completed,?,1.3,completed,?,Flat,completed
603,LongBeachVA,processed.va.data,187,0,1,0,1,1,3,61.0,61,source_recorded,1.0,M,source_recorded,3.0,NAP,source_recorded,120.0,120,source_recorded,337.0,337,source_recorded,0.0,0,source_recorded,0.0,Normal,source_recorded,98.0,98,source_recorded,1.0,Y,source_recorded,0.0,0.0,source_recorded,?,Flat,completed
604,LongBeachVA,processed.va.data,189,0,1,0,1,1,2,74.0,74,source_recorded,1.0,M,source_recorded,4.0,ASY,source_recorded,155.0,155,source_recorded,310.0,310,source_recorded,0.0,0,source_recorded,0.0,Normal,source_recorded,112.0,112,source_recorded,1.0,Y,source_recorded,1.5,1.5,source_recorded,3.0,Down,source_recorded
605,LongBeachVA,processed.va.data,190,0,1,0,1,0,0,68.0,68,source_recorded,1.0,M,source_recorded,3.0,NAP,source_recorded,134.0,134,source_recorded,254.0,254,source_recorded,1.0,1,source_recorded,0.0,Normal,source_recorded,151.0,151,source_recorded,1.0,Y,source_recorded,0.0,0.0,source_recorded,?,Up,completed
606,LongBeachVA,processed.va.data,191,0,1,0,1,0,0,51.0,51,source_recorded,0.0,F,source_recorded,4.0,ASY,source_recorded,114.0,114,source_recorded,258.0,258,source_recorded,1.0,1,source_recorded,2.0,LVH,source_recorded,96.0,96,source_recorded,0.0,N,source_recorded,1.0,1.0,source_recorded,1.0,Up,source_recorded
607,LongBeachVA,processed.va.data,192,0,1,0,1,1,4,62.0,62,source_recorded,1.0,M,source_recorded,4.0,ASY,source_recorded,160.0,160,source_recorded,254.0,254,source_recorded,1.0,1,source_recorded,1.0,ST,source_recorded,108.0,108,source_recorded,1.0,Y,source_recorded,3.0,3.0,source_recorded,2.0,Flat,source_recorded
608,LongBeachVA,processed.va.data,193,0,1,0,1,1,3,53.0,53,source_recorded,1.0,M,source_recorded,4.0,ASY,source_recorded,144.0,144,source_recorded,300.0,300,source_recorded,1.0,1,source_recorded,1.0,ST,source_recorded,128.0,128,source_recorded,1.0,Y,source_recorded,1.5,1.5,source_recorded,2.0,Flat,source_recorded
609,LongBeachVA,processed.va.data,194,0,1,0,1,1,1,62.0,62,source_recorded,1.0,M,source_recorded,4.0,ASY,source_recorded,158.0,158,source_recorded,170.0,170,source_recorded,0.0,0,source_recorded,1.0,ST,source_recorded,138.0,138,source_recorded,1.0,Y,source_recorded,0.0,0.0,source_recorded,?,Flat,completed
610,LongBeachVA,processed.va.data,195,0,1,0,1,1,2,46.0,46,source_recorded,1.0,M,source_recorded,4.0,ASY,source_recorded,134.0,134,source_recorded,310.0,310,source_recorded,0.0,0,source_recorded,0.0,Normal,source_recorded,126.0,126,source_recorded,0.0,N,source_recorded,0.0,0.0,source_recorded,?,Flat,completed
611,LongBeachVA,processed.va.data,196,0,1,0,1,1,1,54.0,54,source_recorded,0.0,F,source_recorded,4.0,ASY,source_recorded,127.0,127,source_recorded,333.0,333,source_recorded,1.0,1,source_recorded,1.0,ST,source_recorded,154.0,154,source_recorded,0.0,N,source_recorded,0.0,0.0,source_recorded,?,Flat,completed
612,LongBeachVA,processed.va.data,197,0,1,0,1,0,0,62.0,62,source_recorded,1.0,M,source_recorded,1.0,TA,source_recorded,?,135,completed,139.0,139,source_recorded,0.0,0,source_recorded,1.0,ST,source_recorded,?,137,completed,?,N,completed,?,0.2,completed,?,Up,completed
613,LongBeachVA,processed.va.data,198,0,1,0,1,1,2,55.0,55,source_recorded,1.0,M,source_recorded,4.0,ASY,source_recorded,122.0,122,source_recorded,223.0,223,source_recorded,1.0,1,source_recorded,1.0,ST,source_recorded,100.0,100,source_recorded,0.0,N,source_recorded,0.0,0.0,source_recorded,?,Flat,completed
614,LongBeachVA,processed.va.data,199,0,1,0,1,0,0,58.0,58,source_recorded,1.0,M,source_recorded,4.0,ASY,source_recorded,?,140,completed,385.0,385,source_recorded,1.0,1,source_recorded,2.0,LVH,source_recorded,?,135,completed,?,N,completed,?,0.3,completed,?,Up,completed
615,LongBeachVA,processed.va.data,200,0,1,0,1,1,1,62.0,62,source_recorded,1.0,M,source_recorded,2.0,ATA,source_recorded,120.0,120,source_recorded,254.0,254,source_recorded,0.0,0,source_recorded,2.0,LVH,source_recorded,93.0,93,source_recorded,1.0,Y,source_recorded,0.0,0.0,source_recorded,?,Flat,completed
616,Cleveland,processed.cleveland.data,156,0,1,0,1,1,1,70.0,70,source_recorded,1.0,M,source_recorded,4.0,ASY,source_recorded,130.0,130,source_recorded,322.0,322,source_recorded,0.0,0,source_recorded,2.0,LVH,source_recorded,109.0,109,source_recorded,0.0,N,source_recorded,2.4,2.4,source_recorded,2.0,Flat,source_recorded
617,Cleveland,processed.cleveland.data,153,0,1,0,1,0,0,67.0,67,source_recorded,0.0,F,source_recorded,3.0,NAP,source_recorded,115.0,115,source_recorded,564.0,564,source_recorded,0.0,0,source_recorded,2.0,LVH,source_recorded,160.0,160,source_recorded,0.0,N,source_recorded,1.6,1.6,source_recorded,2.0,Flat,source_recorded
618,Cleveland,processed.cleveland.data,260,0,1,0,1,1,1,57.0,57,source_recorded,1.0,M,source_recorded,2.0,ATA,source_recorded,124.0,124,source_recorded,261.0,261,source_recorded,0.0,0,source_recorded,0.0,Normal,source_recorded,141.0,141,source_recorded,0.0,N,source_recorded,0.3,0.3,source_recorded,1.0,Up,source_recorded
619,Cleveland,processed.cleveland.data,253,0,1,0,1,0,0,64.0,64,source_recorded,1.0,M,source_recorded,4.0,ASY,source_recorded,128.0,128,source_recorded,263.0,263,source_recorded,0.0,0,source_recorded,0.0,Normal,source_recorded,105.0,105,source_recorded,1.0,Y,source_recorded,0.2,0.2,source_recorded,2.0,Flat,source_recorded
620,Cleveland,processed.cleveland.data,234,0,1,0,1,0,0,74.0,74,source_recorded,0.0,F,source_recorded,2.0,ATA,source_recorded,120.0,120,source_recorded,269.0,269,source_recorded,0.0,0,source_recorded,2.0,LVH,source_recorded,121.0,121,source_recorded,1.0,Y,source_recorded,0.2,0.2,source_recorded,1.0,Up,source_recorded
621,Cleveland,processed.cleveland.data,52,0,1,0,1,0,0,65.0,65,source_recorded,1.0,M,source_recorded,4.0,ASY,source_recorded,120.0,120,source_recorded,177.0,177,source_recorded,0.0,0,source_recorded,0.0,Normal,source_recorded,140.0,140,source_recorded,0.0,N,source_recorded,0.4,0.4,source_recorded,1.0,Up,source_recorded
622,Cleveland,processed.cleveland.data,13,0,1,0,1,1,2,56.0,56,source_recorded,1.0,M,source_recorded,3.0,NAP,source_recorded,130.0,130,source_recorded,256.0,256,source_recorded,1.0,1,source_recorded,2.0,LVH,source_recorded,142.0,142,source_recorded,1.0,Y,source_recorded,0.6,0.6,source_recorded,2.0,Flat,source_recorded
623,Cleveland,processed.cleveland.data,97,0,1,0,1,1,2,59.0,59,source_recorded,1.0,M,source_recorded,4.0,ASY,source_recorded,110.0,110,source_recorded,239.0,239,source_recorded,0.0,0,source_recorded,2.0,LVH,source_recorded,142.0,142,source_recorded,1.0,Y,source_recorded,1.2,1.2,source_recorded,2.0,Flat,source_recorded
624,Cleveland,processed.cleveland.data,159,0,1,0,1,1,2,60.0,60,source_recorded,1.0,M,source_recorded,4.0,ASY,source_recorded,140.0,140,source_recorded,293.0,293,source_recorded,0.0,0,source_recorded,2.0,LVH,source_recorded,170.0,170,source_recorded,0.0,N,source_recorded,1.2,1.2,source_recorded,2.0,Flat,source_recorded
625,Cleveland,processed.cleveland.data,122,0,1,0,1,1,4,63.0,63,source_recorded,0.0,F,source_recorded,4.0,ASY,source_recorded,150.0,150,source_recorded,407.0,407,source_recorded,0.0,0,source_recorded,2.0,LVH,source_recorded,154.0,154,source_recorded,0.0,N,source_recorded,4.0,4.0,source_recorded,2.0,Flat,source_recorded
626,Cleveland,processed.cleveland.data,34,0,1,0,1,0,0,59.0,59,source_recorded,1.0,M,source_recorded,4.0,ASY,source_recorded,135.0,135,source_recorded,234.0,234,source_recorded,0.0,0,source_recorded,0.0,Normal,source_recorded,161.0,161,source_recorded,0.0,N,source_recorded,0.5,0.5,source_recorded,2.0,Flat,source_recorded
627,Cleveland,processed.cleveland.data,172,0,1,0,1,0,0,53.0,53,source_recorded,1.0,M,source_recorded,4.0,ASY,source_recorded,142.0,142,source_recorded,226.0,226,source_recorded,0.0,0,source_recorded,2.0,LVH,source_recorded,111.0,111,source_recorded,1.0,Y,source_recorded,0.0,0.0,source_recorded,1.0,Up,source_recorded
628,Cleveland,processed.cleveland.data,86,0,1,0,1,0,0,44.0,44,source_recorded,1.0,M,source_recorded,3.0,NAP,source_recorded,140.0,140,source_recorded,235.0,235,source_recorded,0.0,0,source_recorded,2.0,LVH,source_recorded,180.0,180,source_recorded,0.0,N,source_recorded,0.0,0.0,source_recorded,1.0,Up,source_recorded
629,Cleveland,processed.cleveland.data,244,0,1,0,1,1,2,61.0,61,source_recorded,1.0,M,source_recorded,1.0,TA,source_recorded,134.0,134,source_recorded,234.0,234,source_recorded,0.0,0,source_recorded,0.0,Normal,source_recorded,145.0,145,source_recorded,0.0,N,source_recorded,2.6,2.6,source_recorded,2.0,Flat,source_recorded
630,Cleveland,processed.cleveland.data,103,0,1,0,1,0,0,57.0,57,source_recorded,0.0,F,source_recorded,4.0,ASY,source_recorded,128.0,128,source_recorded,303.0,303,source_recorded,0.0,0,source_recorded,2.0,LVH,source_recorded,159.0,159,source_recorded,0.0,N,source_recorded,0.0,0.0,source_recorded,1.0,Up,source_recorded
631,Cleveland,processed.cleveland.data,274,0,1,0,1,0,0,71.0,71,source_recorded,0.0,F,source_recorded,4.0,ASY,source_recorded,112.0,112,source_recorded,149.0,149,source_recorded,0.0,0,source_recorded,0.0,Normal,source_recorded,125.0,125,source_recorded,0.0,N,source_recorded,1.6,1.6,source_recorded,2.0,Flat,source_recorded
632,Cleveland,processed.cleveland.data,273,0,1,0,1,1,2,46.0,46,source_recorded,1.0,M,source_recorded,4.0,ASY,source_recorded,140.0,140,source_recorded,311.0,311,source_recorded,0.0,0,source_recorded,0.0,Normal,source_recorded,120.0,120,source_recorded,1.0,Y,source_recorded,1.8,1.8,source_recorded,2.0,Flat,source_recorded
633,Cleveland,processed.cleveland.data,10,0,1,0,1,1,1,53.0,53,source_recorded,1.0,M,source_recorded,4.0,ASY,source_recorded,140.0,140,source_recorded,203.0,203,source_recorded,1.0,1,source_recorded,2.0,LVH,source_recorded,155.0,155,source_recorded,1.0,Y,source_recorded,3.1,3.1,source_recorded,3.0,Down,source_recorded
634,Cleveland,processed.cleveland.data,21,0,1,0,1,0,0,64.0,64,source_recorded,1.0,M,source_recorded,1.0,TA,source_recorded,110.0,110,source_recorded,211.0,211,source_recorded,0.0,0,source_recorded,2.0,LVH,source_recorded,144.0,144,source_recorded,1.0,Y,source_recorded,1.8,1.8,source_recorded,2.0,Flat,source_recorded
635,Cleveland,processed.cleveland.data,42,0,1,0,1,0,0,40.0,40,source_recorded,1.0,M,source_recorded,1.0,TA,source_recorded,140.0,140,source_recorded,199.0,199,source_recorded,0.0,0,source_recorded,0.0,Normal,source_recorded,178.0,178,source_recorded,1.0,Y,source_recorded,1.4,1.4,source_recorded,1.0,Up,source_recorded
636,Cleveland,processed.cleveland.data,3,0,1,0,1,1,1,67.0,67,source_recorded,1.0,M,source_recorded,4.0,ASY,source_recorded,120.0,120,source_recorded,229.0,229,source_recorded,0.0,0,source_recorded,2.0,LVH,source_recorded,129.0,129,source_recorded,1.0,Y,source_recorded,2.6,2.6,source_recorded,2.0,Flat,source_recorded
637,Cleveland,processed.cleveland.data,79,0,1,0,1,0,0,48.0,48,source_recorded,1.0,M,source_recorded,2.0,ATA,source_recorded,130.0,130,source_recorded,245.0,245,source_recorded,0.0,0,source_recorded,2.0,LVH,source_recorded,180.0,180,source_recorded,0.0,N,source_recorded,0.2,0.2,source_recorded,2.0,Flat,source_recorded
638,Cleveland,processed.cleveland.data,255,0,1,0,1,0,0,43.0,43,source_recorded,1.0,M,source_recorded,4.0,ASY,source_recorded,115.0,115,source_recorded,303.0,303,source_recorded,0.0,0,source_recorded,0.0,Normal,source_recorded,181.0,181,source_recorded,0.0,N,source_recorded,1.2,1.2,source_recorded,2.0,Flat,source_recorded
639,Cleveland,processed.cleveland.data,227,0,1,0,1,0,0,47.0,47,source_recorded,1.0,M,source_recorded,4.0,ASY,source_recorded,112.0,112,source_recorded,204.0,204,source_recorded,0.0,0,source_recorded,0.0,Normal,source_recorded,143.0,143,source_recorded,0.0,N,source_recorded,0.1,0.1,source_recorded,1.0,Up,source_recorded
640,Cleveland,processed.cleveland.data,168,0,1,0,1,0,0,54.0,54,source_recorded,0.0,F,source_recorded,2.0,ATA,source_recorded,132.0,132,source_recorded,288.0,288,source_recorded,1.0,1,source_recorded,2.0,LVH,source_recorded,159.0,159,source_recorded,1.0,Y,source_recorded,0.0,0.0,source_recorded,1.0,Up,source_recorded
641,Cleveland,processed.cleveland.data,19,0,1,0,1,0,0,48.0,48,source_recorded,0.0,F,source_recorded,3.0,NAP,source_recorded,130.0,130,source_recorded,275.0,275,source_recorded,0.0,0,source_recorded,0.0,Normal,source_recorded,139.0,139,source_recorded,0.0,N,source_recorded,0.2,0.2,source_recorded,1.0,Up,source_recorded
642,Cleveland,processed.cleveland.data,218,0,1,0,1,0,0,46.0,46,source_recorded,0.0,F,source_recorded,4.0,ASY,source_recorded,138.0,138,source_recorded,243.0,243,source_recorded,0.0,0,source_recorded,2.0,LVH,source_recorded,152.0,152,source_recorded,1.0,Y,source_recorded,0.0,0.0,source_recorded,2.0,Flat,source_recorded
643,Cleveland,processed.cleveland.data,254,0,1,0,1,0,0,51.0,51,source_recorded,0.0,F,source_recorded,3.0,NAP,source_recorded,120.0,120,source_recorded,295.0,295,source_recorded,0.0,0,source_recorded,2.0,LVH,source_recorded,157.0,157,source_recorded,0.0,N,source_recorded,0.6,0.6,source_recorded,1.0,Up,source_recorded
644,Cleveland,processed.cleveland.data,46,0,1,0,1,1,4,58.0,58,source_recorded,1.0,M,source_recorded,3.0,NAP,source_recorded,112.0,112,source_recorded,230.0,230,source_recorded,0.0,0,source_recorded,2.0,LVH,source_recorded,165.0,165,source_recorded,0.0,N,source_recorded,2.5,2.5,source_recorded,2.0,Flat,source_recorded
645,Cleveland,processed.cleveland.data,104,0,1,0,1,0,0,71.0,71,source_recorded,0.0,F,source_recorded,3.0,NAP,source_recorded,110.0,110,source_recorded,265.0,265,source_recorded,1.0,1,source_recorded,2.0,LVH,source_recorded,130.0,130,source_recorded,0.0,N,source_recorded,0.0,0.0,source_recorded,1.0,Up,source_recorded
646,Cleveland,processed.cleveland.data,108,0,1,0,1,1,1,57.0,57,source_recorded,1.0,M,source_recorded,3.0,NAP,source_recorded,128.0,128,source_recorded,229.0,229,source_recorded,0.0,0,source_recorded,2.0,LVH,source_recorded,150.0,150,source_recorded,0.0,N,source_recorded,0.4,0.4,source_recorded,2.0,Flat,source_recorded
647,Cleveland,processed.cleveland.data,272,0,1,0,1,0,0,66.0,66,source_recorded,1.0,M,source_recorded,4.0,ASY,source_recorded,160.0,160,source_recorded,228.0,228,source_recorded,0.0,0,source_recorded,2.0,LVH,source_recorded,138.0,138,source_recorded,0.0,N,source_recorded,2.3,2.3,source_recorded,1.0,Up,source_recorded
648,Cleveland,processed.cleveland.data,211,0,1,0,1,0,0,37.0,37,source_recorded,0.0,F,source_recorded,3.0,NAP,source_recorded,120.0,120,source_recorded,215.0,215,source_recorded,0.0,0,source_recorded,0.0,Normal,source_recorded,170.0,170,source_recorded,0.0,N,source_recorded,0.0,0.0,source_recorded,1.0,Up,source_recorded
649,Cleveland,processed.cleveland.data,69,0,1,0,1,1,2,59.0,59,source_recorded,1.0,M,source_recorded,4.0,ASY,source_recorded,170.0,170,source_recorded,326.0,326,source_recorded,0.0,0,source_recorded,2.0,LVH,source_recorded,140.0,140,source_recorded,1.0,Y,source_recorded,3.4,3.4,source_recorded,3.0,Down,source_recorded
650,Cleveland,processed.cleveland.data,208,0,1,0,1,1,3,50.0,50,source_recorded,1.0,M,source_recorded,4.0,ASY,source_recorded,144.0,144,source_recorded,200.0,200,source_recorded,0.0,0,source_recorded,2.0,LVH,source_recorded,126.0,126,source_recorded,1.0,Y,source_recorded,0.9,0.9,source_recorded,2.0,Flat,source_recorded
651,Cleveland,processed.cleveland.data,121,0,1,0,1,1,3,48.0,48,source_recorded,1.0,M,source_recorded,4.0,ASY,source_recorded,130.0,130,source_recorded,256.0,256,source_recorded,1.0,1,source_recorded,2.0,LVH,source_recorded,150.0,150,source_recorded,1.0,Y,source_recorded,0.0,0.0,source_recorded,1.0,Up,source_recorded
652,Cleveland,processed.cleveland.data,271,0,1,0,1,1,1,61.0,61,source_recorded,1.0,M,source_recorded,4.0,ASY,source_recorded,140.0,140,source_recorded,207.0,207,source_recorded,0.0,0,source_recorded,2.0,LVH,source_recorded,138.0,138,source_recorded,1.0,Y,source_recorded,1.9,1.9,source_recorded,1.0,Up,source_recorded
653,Cleveland,processed.cleveland.data,200,0,1,0,1,1,1,59.0,59,source_recorded,1.0,M,source_recorded,1.0,TA,source_recorded,160.0,160,source_recorded,273.0,273,source_recorded,0.0,0,source_recorded,2.0,LVH,source_recorded,125.0,125,source_recorded,0.0,N,source_recorded,0.0,0.0,source_recorded,1.0,Up,source_recorded
654,Cleveland,processed.cleveland.data,270,0,1,0,1,0,0,42.0,42,source_recorded,1.0,M,source_recorded,3.0,NAP,source_recorded,130.0,130,source_recorded,180.0,180,source_recorded,0.0,0,source_recorded,0.0,Normal,source_recorded,150.0,150,source_recorded,0.0,N,source_recorded,0.0,0.0,source_recorded,1.0,Up,source_recorded
655,Cleveland,processed.cleveland.data,100,0,1,0,1,0,0,48.0,48,source_recorded,1.0,M,source_recorded,4.0,ASY,source_recorded,122.0,122,source_recorded,222.0,222,source_recorded,0.0,0,source_recorded,2.0,LVH,source_recorded,186.0,186,source_recorded,0.0,N,source_recorded,0.0,0.0,source_recorded,1.0,Up,source_recorded
656,Cleveland,processed.cleveland.data,269,0,1,0,1,1,1,40.0,40,source_recorded,1.0,M,source_recorded,4.0,ASY,source_recorded,152.0,152,source_recorded,223.0,223,source_recorded,0.0,0,source_recorded,0.0,Normal,source_recorded,181.0,181,source_recorded,0.0,N,source_recorded,0.0,0.0,source_recorded,1.0,Up,source_recorded
657,Cleveland,processed.cleveland.data,130,0,1,0,1,0,0,62.0,62,source_recorded,0.0,F,source_recorded,4.0,ASY,source_recorded,124.0,124,source_recorded,209.0,209,source_recorded,0.0,0,source_recorded,0.0,Normal,source_recorded,163.0,163,source_recorded,0.0,N,source_recorded,0.0,0.0,source_recorded,1.0,Up,source_recorded
658,Cleveland,processed.cleveland.data,35,0,1,0,1,0,0,44.0,44,source_recorded,1.0,M,source_recorded,3.0,NAP,source_recorded,130.0,130,source_recorded,233.0,233,source_recorded,0.0,0,source_recorded,0.0,Normal,source_recorded,179.0,179,source_recorded,1.0,Y,source_recorded,0.4,0.4,source_recorded,1.0,Up,source_recorded
659,Cleveland,processed.cleveland.data,161,0,1,0,1,0,0,46.0,46,source_recorded,1.0,M,source_recorded,2.0,ATA,source_recorded,101.0,101,source_recorded,197.0,197,source_recorded,1.0,1,source_recorded,0.0,Normal,source_recorded,156.0,156,source_recorded,0.0,N,source_recorded,0.0,0.0,source_recorded,1.0,Up,source_recorded
660,Cleveland,processed.cleveland.data,268,0,1,0,1,1,2,59.0,59,source_recorded,1.0,M,source_recorded,3.0,NAP,source_recorded,126.0,126,source_recorded,218.0,218,source_recorded,1.0,1,source_recorded,0.0,Normal,source_recorded,134.0,134,source_recorded,0.0,N,source_recorded,2.2,2.2,source_recorded,2.0,Flat,source_recorded
661,Cleveland,processed.cleveland.data,117,0,1,0,1,0,0,58.0,58,source_recorded,1.0,M,source_recorded,3.0,NAP,source_recorded,140.0,140,source_recorded,211.0,211,source_recorded,1.0,1,source_recorded,2.0,LVH,source_recorded,165.0,165,source_recorded,0.0,N,source_recorded,0.0,0.0,source_recorded,1.0,Up,source_recorded
662,Cleveland,processed.cleveland.data,233,0,1,0,1,1,1,49.0,49,source_recorded,1.0,M,source_recorded,3.0,NAP,source_recorded,118.0,118,source_recorded,149.0,149,source_recorded,0.0,0,source_recorded,2.0,LVH,source_recorded,126.0,126,source_recorded,0.0,N,source_recorded,0.8,0.8,source_recorded,1.0,Up,source_recorded
663,Cleveland,processed.cleveland.data,75,0,1,0,1,1,1,44.0,44,source_recorded,1.0,M,source_recorded,4.0,ASY,source_recorded,110.0,110,source_recorded,197.0,197,source_recorded,0.0,0,source_recorded,2.0,LVH,source_recorded,177.0,177,source_recorded,0.0,N,source_recorded,0.0,0.0,source_recorded,1.0,Up,source_recorded
664,Cleveland,processed.cleveland.data,188,0,1,0,1,1,2,66.0,66,source_recorded,1.0,M,source_recorded,2.0,ATA,source_recorded,160.0,160,source_recorded,246.0,246,source_recorded,0.0,0,source_recorded,0.0,Normal,source_recorded,120.0,120,source_recorded,1.0,Y,source_recorded,0.0,0.0,source_recorded,2.0,Flat,source_recorded
665,Cleveland,processed.cleveland.data,41,0,1,0,1,1,4,65.0,65,source_recorded,0.0,F,source_recorded,4.0,ASY,source_recorded,150.0,150,source_recorded,225.0,225,source_recorded,0.0,0,source_recorded,2.0,LVH,source_recorded,114.0,114,source_recorded,0.0,N,source_recorded,1.0,1.0,source_recorded,2.0,Flat,source_recorded
666,Cleveland,processed.cleveland.data,266,0,1,0,1,1,2,42.0,42,source_recorded,1.0,M,source_recorded,4.0,ASY,source_recorded,136.0,136,source_recorded,315.0,315,source_recorded,0.0,0,source_recorded,0.0,Normal,source_recorded,125.0,125,source_recorded,1.0,Y,source_recorded,1.8,1.8,source_recorded,2.0,Flat,source_recorded
667,Cleveland,processed.cleveland.data,143,0,1,0,1,0,0,52.0,52,source_recorded,1.0,M,source_recorded,2.0,ATA,source_recorded,128.0,128,source_recorded,205.0,205,source_recorded,1.0,1,source_recorded,0.0,Normal,source_recorded,184.0,184,source_recorded,0.0,N,source_recorded,0.0,0.0,source_recorded,1.0,Up,source_recorded
668,Cleveland,processed.cleveland.data,49,0,1,0,1,0,0,65.0,65,source_recorded,0.0,F,source_recorded,3.0,NAP,source_recorded,140.0,140,source_recorded,417.0,417,source_recorded,1.0,1,source_recorded,2.0,LVH,source_recorded,157.0,157,source_recorded,0.0,N,source_recorded,0.8,0.8,source_recorded,1.0,Up,source_recorded
669,Cleveland,processed.cleveland.data,186,0,1,0,1,0,0,63.0,63,source_recorded,0.0,F,source_recorded,2.0,ATA,source_recorded,140.0,140,source_recorded,195.0,195,source_recorded,0.0,0,source_recorded,0.0,Normal,source_recorded,179.0,179,source_recorded,0.0,N,source_recorded,0.0,0.0,source_recorded,1.0,Up,source_recorded
670,Cleveland,processed.cleveland.data,126,0,1,0,1,0,0,45.0,45,source_recorded,0.0,F,source_recorded,2.0,ATA,source_recorded,130.0,130,source_recorded,234.0,234,source_recorded,0.0,0,source_recorded,2.0,LVH,source_recorded,175.0,175,source_recorded,0.0,N,source_recorded,0.6,0.6,source_recorded,2.0,Flat,source_recorded
671,Cleveland,processed.cleveland.data,51,0,1,0,1,0,0,41.0,41,source_recorded,0.0,F,source_recorded,2.0,ATA,source_recorded,105.0,105,source_recorded,198.0,198,source_recorded,0.0,0,source_recorded,0.0,Normal,source_recorded,168.0,168,source_recorded,0.0,N,source_recorded,0.0,0.0,source_recorded,1.0,Up,source_recorded
672,Cleveland,processed.cleveland.data,265,0,1,0,1,1,4,61.0,61,source_recorded,1.0,M,source_recorded,4.0,ASY,source_recorded,138.0,138,source_recorded,166.0,166,source_recorded,0.0,0,source_recorded,2.0,LVH,source_recorded,125.0,125,source_recorded,1.0,Y,source_recorded,3.6,3.6,source_recorded,2.0,Flat,source_recorded
673,Cleveland,processed.cleveland.data,245,0,1,0,1,0,0,60.0,60,source_recorded,0.0,F,source_recorded,3.0,NAP,source_recorded,120.0,120,source_recorded,178.0,178,source_recorded,1.0,1,source_recorded,0.0,Normal,source_recorded,96.0,96,source_recorded,0.0,N,source_recorded,0.0,0.0,source_recorded,1.0,Up,source_recorded
674,Cleveland,processed.cleveland.data,173,0,1,0,1,1,1,59.0,59,source_recorded,0.0,F,source_recorded,4.0,ASY,source_recorded,174.0,174,source_recorded,249.0,249,source_recorded,0.0,0,source_recorded,0.0,Normal,source_recorded,143.0,143,source_recorded,1.0,Y,source_recorded,0.0,0.0,source_recorded,2.0,Flat,source_recorded
675,Cleveland,processed.cleveland.data,138,0,1,0,1,1,3,62.0,62,source_recorded,1.0,M,source_recorded,2.0,ATA,source_recorded,120.0,120,source_recorded,281.0,281,source_recorded,0.0,0,source_recorded,2.0,LVH,source_recorded,103.0,103,source_recorded,0.0,N,source_recorded,1.4,1.4,source_recorded,2.0,Flat,source_recorded
676,Cleveland,processed.cleveland.data,203,0,1,0,1,0,0,57.0,57,source_recorded,1.0,M,source_recorded,3.0,NAP,source_recorded,150.0,150,source_recorded,126.0,126,source_recorded,1.0,1,source_recorded,0.0,Normal,source_recorded,173.0,173,source_recorded,0.0,N,source_recorded,0.2,0.2,source_recorded,1.0,Up,source_recorded
677,Cleveland,processed.cleveland.data,61,0,1,0,1,1,2,51.0,51,source_recorded,0.0,F,source_recorded,4.0,ASY,source_recorded,130.0,130,source_recorded,305.0,305,source_recorded,0.0,0,source_recorded,0.0,Normal,source_recorded,142.0,142,source_recorded,1.0,Y,source_recorded,1.2,1.2,source_recorded,2.0,Flat,source_recorded
678,Cleveland,processed.cleveland.data,264,0,1,0,1,0,0,44.0,44,source_recorded,1.0,M,source_recorded,3.0,NAP,source_recorded,120.0,120,source_recorded,226.0,226,source_recorded,0.0,0,source_recorded,0.0,Normal,source_recorded,169.0,169,source_recorded,0.0,N,source_recorded,0.0,0.0,source_recorded,1.0,Up,source_recorded
679,Cleveland,processed.cleveland.data,263,0,1,0,1,0,0,60.0,60,source_recorded,0.0,F,source_recorded,1.0,TA,source_recorded,150.0,150,source_recorded,240.0,240,source_recorded,0.0,0,source_recorded,0.0,Normal,source_recorded,171.0,171,source_recorded,0.0,N,source_recorded,0.9,0.9,source_recorded,1.0,Up,source_recorded
680,Cleveland,processed.cleveland.data,1,0,1,0,1,0,0,63.0,63,source_recorded,1.0,M,source_recorded,1.0,TA,source_recorded,145.0,145,source_recorded,233.0,233,source_recorded,1.0,1,source_recorded,2.0,LVH,source_recorded,150.0,150,source_recorded,0.0,N,source_recorded,2.3,2.3,source_recorded,3.0,Down,source_recorded
681,Cleveland,processed.cleveland.data,38,0,1,0,1,1,1,57.0,57,source_recorded,1.0,M,source_recorded,4.0,ASY,source_recorded,150.0,150,source_recorded,276.0,276,source_recorded,0.0,0,source_recorded,2.0,LVH,source_recorded,112.0,112,source_recorded,1.0,Y,source_recorded,0.6,0.6,source_recorded,2.0,Flat,source_recorded
682,Cleveland,processed.cleveland.data,134,0,1,0,1,0,0,51.0,51,source_recorded,1.0,M,source_recorded,4.0,ASY,source_recorded,140.0,140,source_recorded,261.0,261,source_recorded,0.0,0,source_recorded,2.0,LVH,source_recorded,186.0,186,source_recorded,1.0,Y,source_recorded,0.0,0.0,source_recorded,1.0,Up,source_recorded
683,Cleveland,processed.cleveland.data,262,0,1,0,1,1,3,58.0,58,source_recorded,0.0,F,source_recorded,2.0,ATA,source_recorded,136.0,136,source_recorded,319.0,319,source_recorded,1.0,1,source_recorded,2.0,LVH,source_recorded,152.0,152,source_recorded,0.0,N,source_recorded,0.0,0.0,source_recorded,1.0,Up,source_recorded
684,Cleveland,processed.cleveland.data,261,0,1,0,1,0,0,44.0,44,source_recorded,0.0,F,source_recorded,3.0,NAP,source_recorded,118.0,118,source_recorded,242.0,242,source_recorded,0.0,0,source_recorded,0.0,Normal,source_recorded,149.0,149,source_recorded,0.0,N,source_recorded,0.3,0.3,source_recorded,2.0,Flat,source_recorded
685,Cleveland,processed.cleveland.data,146,0,1,0,1,1,1,47.0,47,source_recorded,1.0,M,source_recorded,3.0,NAP,source_recorded,108.0,108,source_recorded,243.0,243,source_recorded,0.0,0,source_recorded,0.0,Normal,source_recorded,152.0,152,source_recorded,0.0,N,source_recorded,0.0,0.0,source_recorded,1.0,Up,source_recorded
686,Cleveland,processed.cleveland.data,109,0,1,0,1,1,2,61.0,61,source_recorded,1.0,M,source_recorded,4.0,ASY,source_recorded,120.0,120,source_recorded,260.0,260,source_recorded,0.0,0,source_recorded,0.0,Normal,source_recorded,140.0,140,source_recorded,1.0,Y,source_recorded,3.6,3.6,source_recorded,2.0,Flat,source_recorded
687,Cleveland,processed.cleveland.data,8,0,1,0,1,0,0,57.0,57,source_recorded,0.0,F,source_recorded,4.0,ASY,source_recorded,120.0,120,source_recorded,354.0,354,source_recorded,0.0,0,source_recorded,0.0,Normal,source_recorded,163.0,163,source_recorded,1.0,Y,source_recorded,0.6,0.6,source_recorded,1.0,Up,source_recorded
688,Cleveland,processed.cleveland.data,259,0,1,0,1,0,0,70.0,70,source_recorded,1.0,M,source_recorded,2.0,ATA,source_recorded,156.0,156,source_recorded,245.0,245,source_recorded,0.0,0,source_recorded,2.0,LVH,source_recorded,143.0,143,source_recorded,0.0,N,source_recorded,0.0,0.0,source_recorded,1.0,Up,source_recorded
689,Cleveland,processed.cleveland.data,258,0,1,0,1,0,0,76.0,76,source_recorded,0.0,F,source_recorded,3.0,NAP,source_recorded,140.0,140,source_recorded,197.0,197,source_recorded,0.0,0,source_recorded,1.0,ST,source_recorded,116.0,116,source_recorded,0.0,N,source_recorded,1.1,1.1,source_recorded,2.0,Flat,source_recorded
690,Cleveland,processed.cleveland.data,257,0,1,0,1,0,0,67.0,67,source_recorded,0.0,F,source_recorded,4.0,ASY,source_recorded,106.0,106,source_recorded,223.0,223,source_recorded,0.0,0,source_recorded,0.0,Normal,source_recorded,142.0,142,source_recorded,0.0,N,source_recorded,0.3,0.3,source_recorded,1.0,Up,source_recorded
691,Cleveland,processed.cleveland.data,206,0,1,0,1,1,3,45.0,45,source_recorded,1.0,M,source_recorded,4.0,ASY,source_recorded,142.0,142,source_recorded,309.0,309,source_recorded,0.0,0,source_recorded,2.0,LVH,source_recorded,147.0,147,source_recorded,1.0,Y,source_recorded,0.0,0.0,source_recorded,2.0,Flat,source_recorded
692,Cleveland,processed.cleveland.data,81,0,1,0,1,0,0,45.0,45,source_recorded,1.0,M,source_recorded,4.0,ASY,source_recorded,104.0,104,source_recorded,208.0,208,source_recorded,0.0,0,source_recorded,2.0,LVH,source_recorded,148.0,148,source_recorded,1.0,Y,source_recorded,3.0,3.0,source_recorded,2.0,Flat,source_recorded
693,Cleveland,processed.cleveland.data,223,0,1,0,1,0,0,39.0,39,source_recorded,0.0,F,source_recorded,3.0,NAP,source_recorded,94.0,94,source_recorded,199.0,199,source_recorded,0.0,0,source_recorded,0.0,Normal,source_recorded,179.0,179,source_recorded,0.0,N,source_recorded,0.0,0.0,source_recorded,1.0,Up,source_recorded
694,Cleveland,processed.cleveland.data,256,0,1,0,1,0,0,42.0,42,source_recorded,0.0,F,source_recorded,3.0,NAP,source_recorded,120.0,120,source_recorded,209.0,209,source_recorded,0.0,0,source_recorded,0.0,Normal,source_recorded,173.0,173,source_recorded,0.0,N,source_recorded,0.0,0.0,source_recorded,2.0,Flat,source_recorded
695,Cleveland,processed.cleveland.data,6,0,1,0,1,0,0,56.0,56,source_recorded,1.0,M,source_recorded,2.0,ATA,source_recorded,120.0,120,source_recorded,236.0,236,source_recorded,0.0,0,source_recorded,0.0,Normal,source_recorded,178.0,178,source_recorded,0.0,N,source_recorded,0.8,0.8,source_recorded,1.0,Up,source_recorded
696,Cleveland,processed.cleveland.data,252,0,1,0,1,1,1,58.0,58,source_recorded,1.0,M,source_recorded,4.0,ASY,source_recorded,146.0,146,source_recorded,218.0,218,source_recorded,0.0,0,source_recorded,0.0,Normal,source_recorded,105.0,105,source_recorded,0.0,N,source_recorded,2.0,2.0,source_recorded,2.0,Flat,source_recorded
697,Cleveland,processed.cleveland.data,139,0,1,0,1,1,1,35.0,35,source_recorded,1.0,M,source_recorded,4.0,ASY,source_recorded,120.0,120,source_recorded,198.0,198,source_recorded,0.0,0,source_recorded,0.0,Normal,source_recorded,130.0,130,source_recorded,1.0,Y,source_recorded,1.6,1.6,source_recorded,2.0,Flat,source_recorded
698,Cleveland,processed.cleveland.data,80,0,1,0,1,1,3,58.0,58,source_recorded,1.0,M,source_recorded,4.0,ASY,source_recorded,150.0,150,source_recorded,270.0,270,source_recorded,0.0,0,source_recorded,2.0,LVH,source_recorded,111.0,111,source_recorded,1.0,Y,source_recorded,0.8,0.8,source_recorded,1.0,Up,source_recorded
699,Cleveland,processed.cleveland.data,213,0,1,0,1,0,0,41.0,41,source_recorded,1.0,M,source_recorded,3.0,NAP,source_recorded,130.0,130,source_recorded,214.0,214,source_recorded,0.0,0,source_recorded,2.0,LVH,source_recorded,168.0,168,source_recorded,0.0,N,source_recorded,2.0,2.0,source_recorded,2.0,Flat,source_recorded
700,Cleveland,processed.cleveland.data,251,0,1,0,1,0,0,57.0,57,source_recorded,1.0,M,source_recorded,4.0,ASY,source_recorded,110.0,110,source_recorded,201.0,201,source_recorded,0.0,0,source_recorded,0.0,Normal,source_recorded,126.0,126,source_recorded,1.0,Y,source_recorded,1.5,1.5,source_recorded,2.0,Flat,source_recorded
701,Cleveland,processed.cleveland.data,183,0,1,0,1,0,0,42.0,42,source_recorded,1.0,M,source_recorded,1.0,TA,source_recorded,148.0,148,source_recorded,244.0,244,source_recorded,0.0,0,source_recorded,2.0,LVH,source_recorded,178.0,178,source_recorded,0.0,N,source_recorded,0.8,0.8,source_recorded,1.0,Up,source_recorded
702,Cleveland,processed.cleveland.data,250,0,1,0,1,0,0,62.0,62,source_recorded,1.0,M,source_recorded,2.0,ATA,source_recorded,128.0,128,source_recorded,208.0,208,source_recorded,1.0,1,source_recorded,2.0,LVH,source_recorded,140.0,140,source_recorded,0.0,N,source_recorded,0.0,0.0,source_recorded,1.0,Up,source_recorded
703,Cleveland,processed.cleveland.data,184,0,1,0,1,0,0,59.0,59,source_recorded,1.0,M,source_recorded,1.0,TA,source_recorded,178.0,178,source_recorded,270.0,270,source_recorded,0.0,0,source_recorded,2.0,LVH,source_recorded,145.0,145,source_recorded,0.0,N,source_recorded,4.2,4.2,source_recorded,3.0,Down,source_recorded
704,Cleveland,processed.cleveland.data,242,0,1,0,1,0,0,41.0,41,source_recorded,0.0,F,source_recorded,2.0,ATA,source_recorded,126.0,126,source_recorded,306.0,306,source_recorded,0.0,0,source_recorded,0.0,Normal,source_recorded,163.0,163,source_recorded,0.0,N,source_recorded,0.0,0.0,source_recorded,1.0,Up,source_recorded
705,Cleveland,processed.cleveland.data,48,0,1,0,1,1,4,50.0,50,source_recorded,1.0,M,source_recorded,4.0,ASY,source_recorded,150.0,150,source_recorded,243.0,243,source_recorded,0.0,0,source_recorded,2.0,LVH,source_recorded,128.0,128,source_recorded,0.0,N,source_recorded,2.6,2.6,source_recorded,2.0,Flat,source_recorded
706,Cleveland,processed.cleveland.data,141,0,1,0,1,0,0,59.0,59,source_recorded,1.0,M,source_recorded,2.0,ATA,source_recorded,140.0,140,source_recorded,221.0,221,source_recorded,0.0,0,source_recorded,0.0,Normal,source_recorded,164.0,164,source_recorded,1.0,Y,source_recorded,0.0,0.0,source_recorded,1.0,Up,source_recorded
707,Cleveland,processed.cleveland.data,45,0,1,0,1,1,1,61.0,61,source_recorded,0.0,F,source_recorded,4.0,ASY,source_recorded,130.0,130,source_recorded,330.0,330,source_recorded,0.0,0,source_recorded,2.0,LVH,source_recorded,169.0,169,source_recorded,0.0,N,source_recorded,0.0,0.0,source_recorded,1.0,Up,source_recorded
708,Cleveland,processed.cleveland.data,56,0,1,0,1,1,1,54.0,54,source_recorded,1.0,M,source_recorded,4.0,ASY,source_recorded,124.0,124,source_recorded,266.0,266,source_recorded,0.0,0,source_recorded,2.0,LVH,source_recorded,109.0,109,source_recorded,1.0,Y,source_recorded,2.2,2.2,source_recorded,2.0,Flat,source_recorded
709,Cleveland,processed.cleveland.data,229,0,1,0,1,1,3,54.0,54,source_recorded,1.0,M,source_recorded,4.0,ASY,source_recorded,110.0,110,source_recorded,206.0,206,source_recorded,0.0,0,source_recorded,2.0,LVH,source_recorded,108.0,108,source_recorded,1.0,Y,source_recorded,0.0,0.0,source_recorded,2.0,Flat,source_recorded
710,Cleveland,processed.cleveland.data,249,0,1,0,1,1,3,52.0,52,source_recorded,1.0,M,source_recorded,4.0,ASY,source_recorded,125.0,125,source_recorded,212.0,212,source_recorded,0.0,0,source_recorded,0.0,Normal,source_recorded,168.0,168,source_recorded,0.0,N,source_recorded,1.0,1.0,source_recorded,1.0,Up,source_recorded
711,Cleveland,processed.cleveland.data,248,0,1,0,1,1,1,47.0,47,source_recorded,1.0,M,source_recorded,4.0,ASY,source_recorded,110.0,110,source_recorded,275.0,275,source_recorded,0.0,0,source_recorded,2.0,LVH,source_recorded,118.0,118,source_recorded,1.0,Y,source_recorded,1.0,1.0,source_recorded,2.0,Flat,source_recorded
712,Cleveland,processed.cleveland.data,91,0,1,0,1,0,0,66.0,66,source_recorded,1.0,M,source_recorded,4.0,ASY,source_recorded,120.0,120,source_recorded,302.0,302,source_recorded,0.0,0,source_recorded,2.0,LVH,source_recorded,151.0,151,source_recorded,0.0,N,source_recorded,0.4,0.4,source_recorded,2.0,Flat,source_recorded
713,Cleveland,processed.cleveland.data,247,0,1,0,1,1,2,58.0,58,source_recorded,1.0,M,source_recorded,4.0,ASY,source_recorded,100.0,100,source_recorded,234.0,234,source_recorded,0.0,0,source_recorded,0.0,Normal,source_recorded,156.0,156,source_recorded,0.0,N,source_recorded,0.1,0.1,source_recorded,1.0,Up,source_recorded
714,Cleveland,processed.cleveland.data,204,0,1,0,1,0,0,64.0,64,source_recorded,0.0,F,source_recorded,3.0,NAP,source_recorded,140.0,140,source_recorded,313.0,313,source_recorded,0.0,0,source_recorded,0.0,Normal,source_recorded,133.0,133,source_recorded,0.0,N,source_recorded,0.2,0.2,source_recorded,1.0,Up,source_recorded
715,Cleveland,processed.cleveland.data,199,0,1,0,1,0,0,50.0,50,source_recorded,0.0,F,source_recorded,2.0,ATA,source_recorded,120.0,120,source_recorded,244.0,244,source_recorded,0.0,0,source_recorded,0.0,Normal,source_recorded,162.0,162,source_recorded,0.0,N,source_recorded,1.1,1.1,source_recorded,1.0,Up,source_recorded
716,Cleveland,processed.cleveland.data,94,0,1,0,1,0,0,44.0,44,source_recorded,0.0,F,source_recorded,3.0,NAP,source_recorded,108.0,108,source_recorded,141.0,141,source_recorded,0.0,0,source_recorded,0.0,Normal,source_recorded,175.0,175,source_recorded,0.0,N,source_recorded,0.6,0.6,source_recorded,2.0,Flat,source_recorded
717,Cleveland,processed.cleveland.data,246,0,1,0,1,1,2,67.0,67,source_recorded,1.0,M,source_recorded,4.0,ASY,source_recorded,120.0,120,source_recorded,237.0,237,source_recorded,0.0,0,source_recorded,0.0,Normal,source_recorded,71.0,71,source_recorded,0.0,N,source_recorded,1.0,1.0,source_recorded,2.0,Flat,source_recorded
718,Cleveland,processed.cleveland.data,243,0,1,0,1,0,0,49.0,49,source_recorded,0.0,F,source_recorded,4.0,ASY,source_recorded,130.0,130,source_recorded,269.0,269,source_recorded,0.0,0,source_recorded,0.0,Normal,source_recorded,163.0,163,source_recorded,0.0,N,source_recorded,0.0,0.0,source_recorded,1.0,Up,source_recorded
719,Cleveland,processed.cleveland.data,147,0,1,0,1,1,4,57.0,57,source_recorded,1.0,M,source_recorded,4.0,ASY,source_recorded,165.0,165,source_recorded,289.0,289,source_recorded,1.0,1,source_recorded,2.0,LVH,source_recorded,124.0,124,source_recorded,0.0,N,source_recorded,1.0,1.0,source_recorded,2.0,Flat,source_recorded
720,Cleveland,processed.cleveland.data,9,0,1,0,1,1,2,63.0,63,source_recorded,1.0,M,source_recorded,4.0,ASY,source_recorded,130.0,130,source_recorded,254.0,254,source_recorded,0.0,0,source_recorded,2.0,LVH,source_recorded,147.0,147,source_recorded,0.0,N,source_recorded,1.4,1.4,source_recorded,2.0,Flat,source_recorded
721,Cleveland,processed.cleveland.data,181,0,1,0,1,1,3,48.0,48,source_recorded,1.0,M,source_recorded,4.0,ASY,source_recorded,124.0,124,source_recorded,274.0,274,source_recorded,0.0,0,source_recorded,2.0,LVH,source_recorded,166.0,166,source_recorded,0.0,N,source_recorded,0.5,0.5,source_recorded,2.0,Flat,source_recorded
722,Cleveland,processed.cleveland.data,123,0,1,0,1,0,0,51.0,51,source_recorded,1.0,M,source_recorded,3.0,NAP,source_recorded,100.0,100,source_recorded,222.0,222,source_recorded,0.0,0,source_recorded,0.0,Normal,source_recorded,143.0,143,source_recorded,1.0,Y,source_recorded,1.2,1.2,source_recorded,2.0,Flat,source_recorded
723,Cleveland,processed.cleveland.data,98,0,1,0,1,1,3,60.0,60,source_recorded,0.0,F,source_recorded,4.0,ASY,source_recorded,150.0,150,source_recorded,258.0,258,source_recorded,0.0,0,source_recorded,2.0,LVH,source_recorded,157.0,157,source_recorded,0.0,N,source_recorded,2.6,2.6,source_recorded,2.0,Flat,source_recorded
724,Cleveland,processed.cleveland.data,107,0,1,0,1,1,2,59.0,59,source_recorded,1.0,M,source_recorded,4.0,ASY,source_recorded,140.0,140,source_recorded,177.0,177,source_recorded,0.0,0,source_recorded,0.0,Normal,source_recorded,162.0,162,source_recorded,1.0,Y,source_recorded,0.0,0.0,source_recorded,1.0,Up,source_recorded
725,Cleveland,processed.cleveland.data,170,0,1,0,1,0,0,45.0,45,source_recorded,0.0,F,source_recorded,2.0,ATA,source_recorded,112.0,112,source_recorded,160.0,160,source_recorded,0.0,0,source_recorded,0.0,Normal,source_recorded,138.0,138,source_recorded,0.0,N,source_recorded,0.0,0.0,source_recorded,2.0,Flat,source_recorded
726,Cleveland,processed.cleveland.data,232,0,1,0,1,1,2,55.0,55,source_recorded,0.0,F,source_recorded,4.0,ASY,source_recorded,180.0,180,source_recorded,327.0,327,source_recorded,0.0,0,source_recorded,1.0,ST,source_recorded,117.0,117,source_recorded,1.0,Y,source_recorded,3.4,3.4,source_recorded,2.0,Flat,source_recorded
727,Cleveland,processed.cleveland.data,241,0,1,0,1,0,0,41.0,41,source_recorded,1.0,M,source_recorded,2.0,ATA,source_recorded,110.0,110,source_recorded,235.0,235,source_recorded,0.0,0,source_recorded,0.0,Normal,source_recorded,153.0,153,source_recorded,0.0,N,source_recorded,0.0,0.0,source_recorded,1.0,Up,source_recorded
728,Cleveland,processed.cleveland.data,185,0,1,0,1,1,1,60.0,60,source_recorded,0.0,F,source_recorded,4.0,ASY,source_recorded,158.0,158,source_recorded,305.0,305,source_recorded,0.0,0,source_recorded,2.0,LVH,source_recorded,161.0,161,source_recorded,0.0,N,source_recorded,0.0,0.0,source_recorded,1.0,Up,source_recorded
729,Cleveland,processed.cleveland.data,64,0,1,0,1,0,0,54.0,54,source_recorded,0.0,F,source_recorded,3.0,NAP,source_recorded,135.0,135,source_recorded,304.0,304,source_recorded,1.0,1,source_recorded,0.0,Normal,source_recorded,170.0,170,source_recorded,0.0,N,source_recorded,0.0,0.0,source_recorded,1.0,Up,source_recorded
730,Cleveland,processed.cleveland.data,240,0,1,0,1,0,0,42.0,42,source_recorded,1.0,M,source_recorded,2.0,ATA,source_recorded,120.0,120,source_recorded,295.0,295,source_recorded,0.0,0,source_recorded,0.0,Normal,source_recorded,162.0,162,source_recorded,0.0,N,source_recorded,0.0,0.0,source_recorded,1.0,Up,source_recorded
731,Cleveland,processed.cleveland.data,239,0,1,0,1,0,0,49.0,49,source_recorded,0.0,F,source_recorded,2.0,ATA,source_recorded,134.0,134,source_recorded,271.0,271,source_recorded,0.0,0,source_recorded,0.0,Normal,source_recorded,162.0,162,source_recorded,0.0,N,source_recorded,0.0,0.0,source_recorded,2.0,Flat,source_recorded
732,Cleveland,processed.cleveland.data,238,0,1,0,1,1,1,46.0,46,source_recorded,1.0,M,source_recorded,4.0,ASY,source_recorded,120.0,120,source_recorded,249.0,249,source_recorded,0.0,0,source_recorded,2.0,LVH,source_recorded,144.0,144,source_recorded,0.0,N,source_recorded,0.8,0.8,source_recorded,1.0,Up,source_recorded
733,Cleveland,processed.cleveland.data,127,0,1,0,1,1,3,56.0,56,source_recorded,0.0,F,source_recorded,4.0,ASY,source_recorded,200.0,200,source_recorded,288.0,288,source_recorded,1.0,1,source_recorded,2.0,LVH,source_recorded,133.0,133,source_recorded,1.0,Y,source_recorded,4.0,4.0,source_recorded,3.0,Down,source_recorded
734,Cleveland,processed.cleveland.data,28,0,1,0,1,0,0,66.0,66,source_recorded,0.0,F,source_recorded,1.0,TA,source_recorded,150.0,150,source_recorded,226.0,226,source_recorded,0.0,0,source_recorded,0.0,Normal,source_recorded,114.0,114,source_recorded,0.0,N,source_recorded,2.6,2.6,source_recorded,3.0,Down,source_recorded
735,Cleveland,processed.cleveland.data,237,0,1,0,1,1,2,56.0,56,source_recorded,1.0,M,source_recorded,4.0,ASY,source_recorded,130.0,130,source_recorded,283.0,283,source_recorded,1.0,1,source_recorded,2.0,LVH,source_recorded,103.0,103,source_recorded,1.0,Y,source_recorded,1.6,1.6,source_recorded,3.0,Down,source_recorded
736,Cleveland,processed.cleveland.data,105,0,1,0,1,1,3,49.0,49,source_recorded,1.0,M,source_recorded,3.0,NAP,source_recorded,120.0,120,source_recorded,188.0,188,source_recorded,0.0,0,source_recorded,0.0,Normal,source_recorded,139.0,139,source_recorded,0.0,N,source_recorded,2.0,2.0,source_recorded,2.0,Flat,source_recorded
737,Cleveland,processed.cleveland.data,236,0,1,0,1,1,3,54.0,54,source_recorded,1.0,M,source_recorded,4.0,ASY,source_recorded,122.0,122,source_recorded,286.0,286,source_recorded,0.0,0,source_recorded,2.0,LVH,source_recorded,116.0,116,source_recorded,1.0,Y,source_recorded,3.2,3.2,source_recorded,2.0,Flat,source_recorded
738,Cleveland,processed.cleveland.data,176,0,1,0,1,1,1,57.0,57,source_recorded,1.0,M,source_recorded,4.0,ASY,source_recorded,152.0,152,source_recorded,274.0,274,source_recorded,0.0,0,source_recorded,0.0,Normal,source_recorded,88.0,88,source_recorded,1.0,Y,source_recorded,1.2,1.2,source_recorded,2.0,Flat,source_recorded
739,Cleveland,processed.cleveland.data,76,0,1,0,1,0,0,65.0,65,source_recorded,0.0,F,source_recorded,3.0,NAP,source_recorded,160.0,160,source_recorded,360.0,360,source_recorded,0.0,0,source_recorded,2.0,LVH,source_recorded,151.0,151,source_recorded,0.0,N,source_recorded,0.8,0.8,source_recorded,1.0,Up,source_recorded
740,Cleveland,processed.cleveland.data,59,0,1,0,1,0,0,54.0,54,source_recorded,1.0,M,source_recorded,3.0,NAP,source_recorded,125.0,125,source_recorded,273.0,273,source_recorded,0.0,0,source_recorded,2.0,LVH,source_recorded,152.0,152,source_recorded,0.0,N,source_recorded,0.5,0.5,source_recorded,3.0,Down,source_recorded
741,Cleveland,processed.cleveland.data,235,0,1,0,1,0,0,54.0,54,source_recorded,0.0,F,source_recorded,3.0,NAP,source_recorded,160.0,160,source_recorded,201.0,201,source_recorded,0.0,0,source_recorded,0.0,Normal,source_recorded,163.0,163,source_recorded,0.0,N,source_recorded,0.0,0.0,source_recorded,1.0,Up,source_recorded
742,Cleveland,processed.cleveland.data,73,0,1,0,1,1,1,62.0,62,source_recorded,1.0,M,source_recorded,4.0,ASY,source_recorded,120.0,120,source_recorded,267.0,267,source_recorded,0.0,0,source_recorded,0.0,Normal,source_recorded,99.0,99,source_recorded,1.0,Y,source_recorded,1.8,1.8,source_recorded,2.0,Flat,source_recorded
743,Cleveland,processed.cleveland.data,231,0,1,0,1,0,0,52.0,52,source_recorded,0.0,F,source_recorded,3.0,NAP,source_recorded,136.0,136,source_recorded,196.0,196,source_recorded,0.0,0,source_recorded,2.0,LVH,source_recorded,169.0,169,source_recorded,0.0,N,source_recorded,0.1,0.1,source_recorded,2.0,Flat,source_recorded
744,Cleveland,processed.cleveland.data,99,0,1,0,1,0,0,52.0,52,source_recorded,1.0,M,source_recorded,2.0,ATA,source_recorded,134.0,134,source_recorded,201.0,201,source_recorded,0.0,0,source_recorded,0.0,Normal,source_recorded,158.0,158,source_recorded,0.0,N,source_recorded,0.8,0.8,source_recorded,1.0,Up,source_recorded
745,Cleveland,processed.cleveland.data,32,0,1,0,1,1,2,60.0,60,source_recorded,1.0,M,source_recorded,4.0,ASY,source_recorded,117.0,117,source_recorded,230.0,230,source_recorded,1.0,1,source_recorded,0.0,Normal,source_recorded,160.0,160,source_recorded,1.0,Y,source_recorded,1.4,1.4,source_recorded,1.0,Up,source_recorded
746,Cleveland,processed.cleveland.data,225,0,1,0,1,1,1,63.0,63,source_recorded,0.0,F,source_recorded,4.0,ASY,source_recorded,108.0,108,source_recorded,269.0,269,source_recorded,0.0,0,source_recorded,0.0,Normal,source_recorded,169.0,169,source_recorded,1.0,Y,source_recorded,1.8,1.8,source_recorded,2.0,Flat,source_recorded
747,Cleveland,processed.cleveland.data,230,0,1,0,1,1,2,66.0,66,source_recorded,1.0,M,source_recorded,4.0,ASY,source_recorded,112.0,112,source_recorded,212.0,212,source_recorded,0.0,0,source_recorded,2.0,LVH,source_recorded,132.0,132,source_recorded,1.0,Y,source_recorded,0.1,0.1,source_recorded,1.0,Up,source_recorded
748,Cleveland,processed.cleveland.data,36,0,1,0,1,0,0,42.0,42,source_recorded,1.0,M,source_recorded,4.0,ASY,source_recorded,140.0,140,source_recorded,226.0,226,source_recorded,0.0,0,source_recorded,0.0,Normal,source_recorded,178.0,178,source_recorded,0.0,N,source_recorded,0.0,0.0,source_recorded,1.0,Up,source_recorded
749,Cleveland,processed.cleveland.data,155,0,1,0,1,1,3,64.0,64,source_recorded,1.0,M,source_recorded,4.0,ASY,source_recorded,120.0,120,source_recorded,246.0,246,source_recorded,0.0,0,source_recorded,2.0,LVH,source_recorded,96.0,96,source_recorded,1.0,Y,source_recorded,2.2,2.2,source_recorded,3.0,Down,source_recorded
750,Cleveland,processed.cleveland.data,68,0,1,0,1,0,0,54.0,54,source_recorded,1.0,M,source_recorded,3.0,NAP,source_recorded,150.0,150,source_recorded,232.0,232,source_recorded,0.0,0,source_recorded,2.0,LVH,source_recorded,165.0,165,source_recorded,0.0,N,source_recorded,1.6,1.6,source_recorded,1.0,Up,source_recorded
751,Cleveland,processed.cleveland.data,62,0,1,0,1,0,0,46.0,46,source_recorded,0.0,F,source_recorded,3.0,NAP,source_recorded,142.0,142,source_recorded,177.0,177,source_recorded,0.0,0,source_recorded,2.0,LVH,source_recorded,160.0,160,source_recorded,1.0,Y,source_recorded,1.4,1.4,source_recorded,3.0,Down,source_recorded
752,Cleveland,processed.cleveland.data,228,0,1,0,1,0,0,67.0,67,source_recorded,0.0,F,source_recorded,3.0,NAP,source_recorded,152.0,152,source_recorded,277.0,277,source_recorded,0.0,0,source_recorded,0.0,Normal,source_recorded,172.0,172,source_recorded,0.0,N,source_recorded,0.0,0.0,source_recorded,1.0,Up,source_recorded
753,Cleveland,processed.cleveland.data,112,0,1,0,1,1,1,56.0,56,source_recorded,1.0,M,source_recorded,4.0,ASY,source_recorded,125.0,125,source_recorded,249.0,249,source_recorded,1.0,1,source_recorded,2.0,LVH,source_recorded,144.0,144,source_recorded,1.0,Y,source_recorded,1.2,1.2,source_recorded,2.0,Flat,source_recorded
754,Cleveland,processed.cleveland.data,226,0,1,0,1,0,0,34.0,34,source_recorded,0.0,F,source_recorded,2.0,ATA,source_recorded,118.0,118,source_recorded,210.0,210,source_recorded,0.0,0,source_recorded,0.0,Normal,source_recorded,192.0,192,source_recorded,0.0,N,source_recorded,0.7,0.7,source_recorded,1.0,Up,source_recorded
755,Cleveland,processed.cleveland.data,166,0,1,0,1,0,0,57.0,57,source_recorded,1.0,M,source_recorded,4.0,ASY,source_recorded,132.0,132,source_recorded,207.0,207,source_recorded,0.0,0,source_recorded,0.0,Normal,source_recorded,168.0,168,source_recorded,1.0,Y,source_recorded,0.0,0.0,source_recorded,1.0,Up,source_recorded
756,Cleveland,processed.cleveland.data,175,0,1,0,1,1,4,64.0,64,source_recorded,1.0,M,source_recorded,4.0,ASY,source_recorded,145.0,145,source_recorded,212.0,212,source_recorded,0.0,0,source_recorded,2.0,LVH,source_recorded,132.0,132,source_recorded,0.0,N,source_recorded,2.0,2.0,source_recorded,2.0,Flat,source_recorded
757,Cleveland,processed.cleveland.data,220,0,1,0,1,0,0,59.0,59,source_recorded,1.0,M,source_recorded,4.0,ASY,source_recorded,138.0,138,source_recorded,271.0,271,source_recorded,0.0,0,source_recorded,2.0,LVH,source_recorded,182.0,182,source_recorded,0.0,N,source_recorded,0.0,0.0,source_recorded,1.0,Up,source_recorded
758,Cleveland,processed.cleveland.data,57,0,1,0,1,1,1,50.0,50,source_recorded,1.0,M,source_recorded,3.0,NAP,source_recorded,140.0,140,source_recorded,233.0,233,source_recorded,0.0,0,source_recorded,0.0,Normal,source_recorded,163.0,163,source_recorded,0.0,N,source_recorded,0.6,0.6,source_recorded,2.0,Flat,source_recorded
759,Cleveland,processed.cleveland.data,60,0,1,0,1,0,0,51.0,51,source_recorded,1.0,M,source_recorded,1.0,TA,source_recorded,125.0,125,source_recorded,213.0,213,source_recorded,0.0,0,source_recorded,2.0,LVH,source_recorded,125.0,125,source_recorded,1.0,Y,source_recorded,1.4,1.4,source_recorded,1.0,Up,source_recorded
760,Cleveland,processed.cleveland.data,189,0,1,0,1,1,1,54.0,54,source_recorded,1.0,M,source_recorded,2.0,ATA,source_recorded,192.0,192,source_recorded,283.0,283,source_recorded,0.0,0,source_recorded,2.0,LVH,source_recorded,195.0,195,source_recorded,0.0,N,source_recorded,0.0,0.0,source_recorded,1.0,Up,source_recorded
761,Cleveland,processed.cleveland.data,224,0,1,0,1,1,3,53.0,53,source_recorded,1.0,M,source_recorded,4.0,ASY,source_recorded,123.0,123,source_recorded,282.0,282,source_recorded,0.0,0,source_recorded,0.0,Normal,source_recorded,95.0,95,source_recorded,1.0,Y,source_recorded,2.0,2.0,source_recorded,2.0,Flat,source_recorded
762,Cleveland,processed.cleveland.data,215,0,1,0,1,1,1,52.0,52,source_recorded,1.0,M,source_recorded,4.0,ASY,source_recorded,112.0,112,source_recorded,230.0,230,source_recorded,0.0,0,source_recorded,0.0,Normal,source_recorded,160.0,160,source_recorded,0.0,N,source_recorded,0.0,0.0,source_recorded,1.0,Up,source_recorded
763,Cleveland,processed.cleveland.data,30,0,1,0,1,1,3,40.0,40,source_recorded,1.0,M,source_recorded,4.0,ASY,source_recorded,110.0,110,source_recorded,167.0,167,source_recorded,0.0,0,source_recorded,2.0,LVH,source_recorded,114.0,114,source_recorded,1.0,Y,source_recorded,2.0,2.0,source_recorded,2.0,Flat,source_recorded
764,Cleveland,processed.cleveland.data,24,0,1,0,1,1,3,58.0,58,source_recorded,1.0,M,source_recorded,3.0,NAP,source_recorded,132.0,132,source_recorded,224.0,224,source_recorded,0.0,0,source_recorded,2.0,LVH,source_recorded,173.0,173,source_recorded,0.0,N,source_recorded,3.2,3.2,source_recorded,1.0,Up,source_recorded
765,Cleveland,processed.cleveland.data,221,0,1,0,1,0,0,41.0,41,source_recorded,0.0,F,source_recorded,3.0,NAP,source_recorded,112.0,112,source_recorded,268.0,268,source_recorded,0.0,0,source_recorded,2.0,LVH,source_recorded,172.0,172,source_recorded,1.0,Y,source_recorded,0.0,0.0,source_recorded,1.0,Up,source_recorded
766,Cleveland,processed.cleveland.data,148,0,1,0,1,0,0,41.0,41,source_recorded,1.0,M,source_recorded,3.0,NAP,source_recorded,112.0,112,source_recorded,250.0,250,source_recorded,0.0,0,source_recorded,0.0,Normal,source_recorded,179.0,179,source_recorded,0.0,N,source_recorded,0.0,0.0,source_recorded,1.0,Up,source_recorded
767,Cleveland,processed.cleveland.data,26,0,1,0,1,0,0,50.0,50,source_recorded,0.0,F,source_recorded,3.0,NAP,source_recorded,120.0,120,source_recorded,219.0,219,source_recorded,0.0,0,source_recorded,0.0,Normal,source_recorded,158.0,158,source_recorded,0.0,N,source_recorded,1.6,1.6,source_recorded,2.0,Flat,source_recorded
768,Cleveland,processed.cleveland.data,222,0,1,0,1,0,0,54.0,54,source_recorded,0.0,F,source_recorded,3.0,NAP,source_recorded,108.0,108,source_recorded,267.0,267,source_recorded,0.0,0,source_recorded,2.0,LVH,source_recorded,167.0,167,source_recorded,0.0,N,source_recorded,0.0,0.0,source_recorded,1.0,Up,source_recorded
769,Cleveland,processed.cleveland.data,219,0,1,0,1,0,0,64.0,64,source_recorded,0.0,F,source_recorded,4.0,ASY,source_recorded,130.0,130,source_recorded,303.0,303,source_recorded,0.0,0,source_recorded,0.0,Normal,source_recorded,122.0,122,source_recorded,0.0,N,source_recorded,2.0,2.0,source_recorded,2.0,Flat,source_recorded
770,Cleveland,processed.cleveland.data,90,0,1,0,1,0,0,51.0,51,source_recorded,0.0,F,source_recorded,3.0,NAP,source_recorded,130.0,130,source_recorded,256.0,256,source_recorded,0.0,0,source_recorded,2.0,LVH,source_recorded,149.0,149,source_recorded,0.0,N,source_recorded,0.5,0.5,source_recorded,1.0,Up,source_recorded
771,Cleveland,processed.cleveland.data,217,0,1,0,1,0,0,46.0,46,source_recorded,0.0,F,source_recorded,2.0,ATA,source_recorded,105.0,105,source_recorded,204.0,204,source_recorded,0.0,0,source_recorded,0.0,Normal,source_recorded,172.0,172,source_recorded,0.0,N,source_recorded,0.0,0.0,source_recorded,1.0,Up,source_recorded
772,Cleveland,processed.cleveland.data,124,0,1,0,1,1,3,55.0,55,source_recorded,1.0,M,source_recorded,4.0,ASY,source_recorded,140.0,140,source_recorded,217.0,217,source_recorded,0.0,0,source_recorded,0.0,Normal,source_recorded,111.0,111,source_recorded,1.0,Y,source_recorded,5.6,5.6,source_recorded,3.0,Down,source_recorded
773,Cleveland,processed.cleveland.data,149,0,1,0,1,0,0,45.0,45,source_recorded,1.0,M,source_recorded,2.0,ATA,source_recorded,128.0,128,source_recorded,308.0,308,source_recorded,0.0,0,source_recorded,2.0,LVH,source_recorded,170.0,170,source_recorded,0.0,N,source_recorded,0.0,0.0,source_recorded,1.0,Up,source_recorded
774,Cleveland,processed.cleveland.data,216,0,1,0,1,0,0,56.0,56,source_recorded,1.0,M,source_recorded,1.0,TA,source_recorded,120.0,120,source_recorded,193.0,193,source_recorded,0.0,0,source_recorded,2.0,LVH,source_recorded,162.0,162,source_recorded,0.0,N,source_recorded,1.9,1.9,source_recorded,2.0,Flat,source_recorded
775,Cleveland,processed.cleveland.data,214,0,1,0,1,1,3,66.0,66,source_recorded,0.0,F,source_recorded,4.0,ASY,source_recorded,178.0,178,source_recorded,228.0,228,source_recorded,1.0,1,source_recorded,0.0,Normal,source_recorded,165.0,165,source_recorded,1.0,Y,source_recorded,1.0,1.0,source_recorded,2.0,Flat,source_recorded
776,Cleveland,processed.cleveland.data,212,0,1,0,1,1,4,38.0,38,source_recorded,1.0,M,source_recorded,1.0,TA,source_recorded,120.0,120,source_recorded,231.0,231,source_recorded,0.0,0,source_recorded,0.0,Normal,source_recorded,182.0,182,source_recorded,1.0,Y,source_recorded,3.8,3.8,source_recorded,2.0,Flat,source_recorded
777,Cleveland,processed.cleveland.data,210,0,1,0,1,1,1,62.0,62,source_recorded,0.0,F,source_recorded,4.0,ASY,source_recorded,150.0,150,source_recorded,244.0,244,source_recorded,0.0,0,source_recorded,0.0,Normal,source_recorded,154.0,154,source_recorded,1.0,Y,source_recorded,1.4,1.4,source_recorded,2.0,Flat,source_recorded
778,Cleveland,processed.cleveland.data,209,0,1,0,1,0,0,55.0,55,source_recorded,1.0,M,source_recorded,2.0,ATA,source_recorded,130.0,130,source_recorded,262.0,262,source_recorded,0.0,0,source_recorded,0.0,Normal,source_recorded,155.0,155,source_recorded,0.0,N,source_recorded,0.0,0.0,source_recorded,1.0,Up,source_recorded
779,Cleveland,processed.cleveland.data,207,0,1,0,1,1,3,58.0,58,source_recorded,1.0,M,source_recorded,4.0,ASY,source_recorded,128.0,128,source_recorded,259.0,259,source_recorded,0.0,0,source_recorded,2.0,LVH,source_recorded,130.0,130,source_recorded,1.0,Y,source_recorded,3.0,3.0,source_recorded,2.0,Flat,source_recorded
780,Cleveland,processed.cleveland.data,205,0,1,0,1,0,0,43.0,43,source_recorded,1.0,M,source_recorded,4.0,ASY,source_recorded,110.0,110,source_recorded,211.0,211,source_recorded,0.0,0,source_recorded,0.0,Normal,source_recorded,161.0,161,source_recorded,0.0,N,source_recorded,0.0,0.0,source_recorded,1.0,Up,source_recorded
781,Cleveland,processed.cleveland.data,202,0,1,0,1,0,0,64.0,64,source_recorded,0.0,F,source_recorded,4.0,ASY,source_recorded,180.0,180,source_recorded,325.0,325,source_recorded,0.0,0,source_recorded,0.0,Normal,source_recorded,154.0,154,source_recorded,1.0,Y,source_recorded,0.0,0.0,source_recorded,1.0,Up,source_recorded
782,Cleveland,processed.cleveland.data,201,0,1,0,1,0,0,50.0,50,source_recorded,0.0,F,source_recorded,4.0,ASY,source_recorded,110.0,110,source_recorded,254.0,254,source_recorded,0.0,0,source_recorded,2.0,LVH,source_recorded,159.0,159,source_recorded,0.0,N,source_recorded,0.0,0.0,source_recorded,1.0,Up,source_recorded
783,Cleveland,processed.cleveland.data,50,0,1,0,1,0,0,53.0,53,source_recorded,1.0,M,source_recorded,3.0,NAP,source_recorded,130.0,130,source_recorded,197.0,197,source_recorded,1.0,1,source_recorded,2.0,LVH,source_recorded,152.0,152,source_recorded,0.0,N,source_recorded,1.2,1.2,source_recorded,3.0,Down,source_recorded
784,Cleveland,processed.cleveland.data,198,0,1,0,1,0,0,45.0,45,source_recorded,0.0,F,source_recorded,4.0,ASY,source_recorded,138.0,138,source_recorded,236.0,236,source_recorded,0.0,0,source_recorded,2.0,LVH,source_recorded,152.0,152,source_recorded,1.0,Y,source_recorded,0.2,0.2,source_recorded,2.0,Flat,source_recorded
785,Cleveland,processed.cleveland.data,125,0,1,0,1,1,1,65.0,65,source_recorded,1.0,M,source_recorded,1.0,TA,source_recorded,138.0,138,source_recorded,282.0,282,source_recorded,1.0,1,source_recorded,2.0,LVH,source_recorded,174.0,174,source_recorded,0.0,N,source_recorded,1.4,1.4,source_recorded,2.0,Flat,source_recorded
786,Cleveland,processed.cleveland.data,197,0,1,0,1,0,0,69.0,69,source_recorded,1.0,M,source_recorded,1.0,TA,source_recorded,160.0,160,source_recorded,234.0,234,source_recorded,1.0,1,source_recorded,2.0,LVH,source_recorded,131.0,131,source_recorded,0.0,N,source_recorded,0.1,0.1,source_recorded,2.0,Flat,source_recorded
787,Cleveland,processed.cleveland.data,190,0,1,0,1,1,2,69.0,69,source_recorded,1.0,M,source_recorded,3.0,NAP,source_recorded,140.0,140,source_recorded,254.0,254,source_recorded,0.0,0,source_recorded,2.0,LVH,source_recorded,146.0,146,source_recorded,0.0,N,source_recorded,2.0,2.0,source_recorded,2.0,Flat,source_recorded
788,Cleveland,processed.cleveland.data,196,0,1,0,1,1,3,67.0,67,source_recorded,1.0,M,source_recorded,4.0,ASY,source_recorded,100.0,100,source_recorded,299.0,299,source_recorded,0.0,0,source_recorded,2.0,LVH,source_recorded,125.0,125,source_recorded,1.0,Y,source_recorded,0.9,0.9,source_recorded,2.0,Flat,source_recorded
789,Cleveland,processed.cleveland.data,195,0,1,0,1,0,0,68.0,68,source_recorded,0.0,F,source_recorded,3.0,NAP,source_recorded,120.0,120,source_recorded,211.0,211,source_recorded,0.0,0,source_recorded,2.0,LVH,source_recorded,115.0,115,source_recorded,0.0,N,source_recorded,1.5,1.5,source_recorded,2.0,Flat,source_recorded
790,Cleveland,processed.cleveland.data,102,0,1,0,1,0,0,34.0,34,source_recorded,1.0,M,source_recorded,1.0,TA,source_recorded,118.0,118,source_recorded,182.0,182,source_recorded,0.0,0,source_recorded,2.0,LVH,source_recorded,174.0,174,source_recorded,0.0,N,source_recorded,0.0,0.0,source_recorded,1.0,Up,source_recorded
791,Cleveland,processed.cleveland.data,194,0,1,0,1,1,2,62.0,62,source_recorded,0.0,F,source_recorded,4.0,ASY,source_recorded,138.0,138,source_recorded,294.0,294,source_recorded,1.0,1,source_recorded,0.0,Normal,source_recorded,106.0,106,source_recorded,0.0,N,source_recorded,1.9,1.9,source_recorded,2.0,Flat,source_recorded
792,Cleveland,processed.cleveland.data,192,0,1,0,1,1,3,51.0,51,source_recorded,1.0,M,source_recorded,4.0,ASY,source_recorded,140.0,140,source_recorded,298.0,298,source_recorded,0.0,0,source_recorded,0.0,Normal,source_recorded,122.0,122,source_recorded,1.0,Y,source_recorded,4.2,4.2,source_recorded,2.0,Flat,source_recorded
793,Cleveland,processed.cleveland.data,70,0,1,0,1,1,1,46.0,46,source_recorded,1.0,M,source_recorded,3.0,NAP,source_recorded,150.0,150,source_recorded,231.0,231,source_recorded,0.0,0,source_recorded,0.0,Normal,source_recorded,147.0,147,source_recorded,0.0,N,source_recorded,3.6,3.6,source_recorded,2.0,Flat,source_recorded
794,Cleveland,processed.cleveland.data,72,0,1,0,1,1,3,67.0,67,source_recorded,1.0,M,source_recorded,4.0,ASY,source_recorded,125.0,125,source_recorded,254.0,254,source_recorded,1.0,1,source_recorded,0.0,Normal,source_recorded,163.0,163,source_recorded,0.0,N,source_recorded,0.2,0.2,source_recorded,2.0,Flat,source_recorded
795,Cleveland,processed.cleveland.data,191,0,1,0,1,0,0,50.0,50,source_recorded,1.0,M,source_recorded,3.0,NAP,source_recorded,129.0,129,source_recorded,196.0,196,source_recorded,0.0,0,source_recorded,0.0,Normal,source_recorded,163.0,163,source_recorded,0.0,N,source_recorded,0.0,0.0,source_recorded,1.0,Up,source_recorded
796,Cleveland,processed.cleveland.data,187,0,1,0,1,0,0,42.0,42,source_recorded,1.0,M,source_recorded,3.0,NAP,source_recorded,120.0,120,source_recorded,240.0,240,source_recorded,1.0,1,source_recorded,0.0,Normal,source_recorded,194.0,194,source_recorded,0.0,N,source_recorded,0.8,0.8,source_recorded,3.0,Down,source_recorded
797,Cleveland,processed.cleveland.data,182,0,1,0,1,1,2,56.0,56,source_recorded,0.0,F,source_recorded,4.0,ASY,source_recorded,134.0,134,source_recorded,409.0,409,source_recorded,0.0,0,source_recorded,2.0,LVH,source_recorded,150.0,150,source_recorded,1.0,Y,source_recorded,1.9,1.9,source_recorded,2.0,Flat,source_recorded
798,Cleveland,processed.cleveland.data,58,0,1,0,1,1,1,41.0,41,source_recorded,1.0,M,source_recorded,4.0,ASY,source_recorded,110.0,110,source_recorded,172.0,172,source_recorded,0.0,0,source_recorded,2.0,LVH,source_recorded,158.0,158,source_recorded,0.0,N,source_recorded,0.0,0.0,source_recorded,1.0,Up,source_recorded
799,Cleveland,processed.cleveland.data,152,0,1,0,1,0,0,42.0,42,source_recorded,0.0,F,source_recorded,4.0,ASY,source_recorded,102.0,102,source_recorded,265.0,265,source_recorded,0.0,0,source_recorded,2.0,LVH,source_recorded,122.0,122,source_recorded,0.0,N,source_recorded,0.6,0.6,source_recorded,2.0,Flat,source_recorded
800,Cleveland,processed.cleveland.data,180,0,1,0,1,0,0,53.0,53,source_recorded,1.0,M,source_recorded,3.0,NAP,source_recorded,130.0,130,source_recorded,246.0,246,source_recorded,1.0,1,source_recorded,2.0,LVH,source_recorded,173.0,173,source_recorded,0.0,N,source_recorded,0.0,0.0,source_recorded,1.0,Up,source_recorded
801,Cleveland,processed.cleveland.data,179,0,1,0,1,0,0,43.0,43,source_recorded,1.0,M,source_recorded,3.0,NAP,source_recorded,130.0,130,source_recorded,315.0,315,source_recorded,0.0,0,source_recorded,0.0,Normal,source_recorded,162.0,162,source_recorded,0.0,N,source_recorded,1.9,1.9,source_recorded,1.0,Up,source_recorded
802,Cleveland,processed.cleveland.data,178,0,1,0,1,1,1,56.0,56,source_recorded,1.0,M,source_recorded,4.0,ASY,source_recorded,132.0,132,source_recorded,184.0,184,source_recorded,0.0,0,source_recorded,2.0,LVH,source_recorded,105.0,105,source_recorded,1.0,Y,source_recorded,2.1,2.1,source_recorded,2.0,Flat,source_recorded
803,Cleveland,processed.cleveland.data,177,0,1,0,1,0,0,52.0,52,source_recorded,1.0,M,source_recorded,4.0,ASY,source_recorded,108.0,108,source_recorded,233.0,233,source_recorded,1.0,1,source_recorded,0.0,Normal,source_recorded,147.0,147,source_recorded,0.0,N,source_recorded,0.1,0.1,source_recorded,1.0,Up,source_recorded
804,Cleveland,processed.cleveland.data,174,0,1,0,1,0,0,62.0,62,source_recorded,0.0,F,source_recorded,4.0,ASY,source_recorded,140.0,140,source_recorded,394.0,394,source_recorded,0.0,0,source_recorded,2.0,LVH,source_recorded,157.0,157,source_recorded,0.0,N,source_recorded,1.2,1.2,source_recorded,2.0,Flat,source_recorded
805,Cleveland,processed.cleveland.data,171,0,1,0,1,1,3,70.0,70,source_recorded,1.0,M,source_recorded,3.0,NAP,source_recorded,160.0,160,source_recorded,269.0,269,source_recorded,0.0,0,source_recorded,0.0,Normal,source_recorded,112.0,112,source_recorded,1.0,Y,source_recorded,2.9,2.9,source_recorded,2.0,Flat,source_recorded
806,Cleveland,processed.cleveland.data,18,0,1,0,1,0,0,54.0,54,source_recorded,1.0,M,source_recorded,4.0,ASY,source_recorded,140.0,140,source_recorded,239.0,239,source_recorded,0.0,0,source_recorded,0.0,Normal,source_recorded,160.0,160,source_recorded,0.0,N,source_recorded,1.2,1.2,source_recorded,1.0,Up,source_recorded
807,Cleveland,processed.cleveland.data,137,0,1,0,1,1,4,70.0,70,source_recorded,1.0,M,source_recorded,4.0,ASY,source_recorded,145.0,145,source_recorded,174.0,174,source_recorded,0.0,0,source_recorded,0.0,Normal,source_recorded,125.0,125,source_recorded,1.0,Y,source_recorded,2.6,2.6,source_recorded,3.0,Down,source_recorded
808,Cleveland,processed.cleveland.data,106,0,1,0,1,0,0,54.0,54,source_recorded,1.0,M,source_recorded,2.0,ATA,source_recorded,108.0,108,source_recorded,309.0,309,source_recorded,0.0,0,source_recorded,0.0,Normal,source_recorded,156.0,156,source_recorded,0.0,N,source_recorded,0.0,0.0,source_recorded,1.0,Up,source_recorded
809,Cleveland,processed.cleveland.data,169,0,1,0,1,1,1,35.0,35,source_recorded,1.0,M,source_recorded,4.0,ASY,source_recorded,126.0,126,source_recorded,282.0,282,source_recorded,0.0,0,source_recorded,2.0,LVH,source_recorded,156.0,156,source_recorded,1.0,Y,source_recorded,0.0,0.0,source_recorded,1.0,Up,source_recorded
810,Cleveland,processed.cleveland.data,165,0,1,0,1,0,0,48.0,48,source_recorded,1.0,M,source_recorded,3.0,NAP,source_recorded,124.0,124,source_recorded,255.0,255,source_recorded,1.0,1,source_recorded,0.0,Normal,source_recorded,175.0,175,source_recorded,0.0,N,source_recorded,0.0,0.0,source_recorded,1.0,Up,source_recorded
811,Cleveland,processed.cleveland.data,136,0,1,0,1,0,0,55.0,55,source_recorded,0.0,F,source_recorded,2.0,ATA,source_recorded,135.0,135,source_recorded,250.0,250,source_recorded,0.0,0,source_recorded,2.0,LVH,source_recorded,161.0,161,source_recorded,0.0,N,source_recorded,1.4,1.4,source_recorded,2.0,Flat,source_recorded
812,Cleveland,processed.cleveland.data,164,0,1,0,1,0,0,58.0,58,source_recorded,0.0,F,source_recorded,4.0,ASY,source_recorded,100.0,100,source_recorded,248.0,248,source_recorded,0.0,0,source_recorded,2.0,LVH,source_recorded,122.0,122,source_recorded,0.0,N,source_recorded,1.0,1.0,source_recorded,2.0,Flat,source_recorded
813,Cleveland,processed.cleveland.data,163,0,1,0,1,0,0,54.0,54,source_recorded,0.0,F,source_recorded,3.0,NAP,source_recorded,110.0,110,source_recorded,214.0,214,source_recorded,0.0,0,source_recorded,0.0,Normal,source_recorded,158.0,158,source_recorded,0.0,N,source_recorded,1.6,1.6,source_recorded,2.0,Flat,source_recorded
814,Cleveland,processed.cleveland.data,31,0,1,0,1,0,0,69.0,69,source_recorded,0.0,F,source_recorded,1.0,TA,source_recorded,140.0,140,source_recorded,239.0,239,source_recorded,0.0,0,source_recorded,0.0,Normal,source_recorded,151.0,151,source_recorded,0.0,N,source_recorded,1.8,1.8,source_recorded,1.0,Up,source_recorded
815,Cleveland,processed.cleveland.data,162,0,1,0,1,1,4,77.0,77,source_recorded,1.0,M,source_recorded,4.0,ASY,source_recorded,125.0,125,source_recorded,304.0,304,source_recorded,0.0,0,source_recorded,2.0,LVH,source_recorded,162.0,162,source_recorded,1.0,Y,source_recorded,0.0,0.0,source_recorded,1.0,Up,source_recorded
816,Cleveland,processed.cleveland.data,160,0,1,0,1,0,0,68.0,68,source_recorded,1.0,M,source_recorded,3.0,NAP,source_recorded,118.0,118,source_recorded,277.0,277,source_recorded,0.0,0,source_recorded,0.0,Normal,source_recorded,151.0,151,source_recorded,0.0,N,source_recorded,1.0,1.0,source_recorded,1.0,Up,source_recorded
817,Cleveland,processed.cleveland.data,158,0,1,0,1,1,1,58.0,58,source_recorded,1.0,M,source_recorded,4.0,ASY,source_recorded,125.0,125,source_recorded,300.0,300,source_recorded,0.0,0,source_recorded,2.0,LVH,source_recorded,171.0,171,source_recorded,0.0,N,source_recorded,0.0,0.0,source_recorded,1.0,Up,source_recorded
818,Cleveland,processed.cleveland.data,77,0,1,0,1,1,1,60.0,60,source_recorded,1.0,M,source_recorded,4.0,ASY,source_recorded,125.0,125,source_recorded,258.0,258,source_recorded,0.0,0,source_recorded,2.0,LVH,source_recorded,141.0,141,source_recorded,1.0,Y,source_recorded,2.8,2.8,source_recorded,2.0,Flat,source_recorded
819,Cleveland,processed.cleveland.data,157,0,1,0,1,1,1,51.0,51,source_recorded,1.0,M,source_recorded,4.0,ASY,source_recorded,140.0,140,source_recorded,299.0,299,source_recorded,0.0,0,source_recorded,0.0,Normal,source_recorded,173.0,173,source_recorded,1.0,Y,source_recorded,1.6,1.6,source_recorded,1.0,Up,source_recorded
820,Cleveland,processed.cleveland.data,154,0,1,0,1,1,4,55.0,55,source_recorded,1.0,M,source_recorded,4.0,ASY,source_recorded,160.0,160,source_recorded,289.0,289,source_recorded,0.0,0,source_recorded,2.0,LVH,source_recorded,145.0,145,source_recorded,1.0,Y,source_recorded,0.8,0.8,source_recorded,2.0,Flat,source_recorded
821,Cleveland,processed.cleveland.data,151,0,1,0,1,0,0,52.0,52,source_recorded,1.0,M,source_recorded,1.0,TA,source_recorded,152.0,152,source_recorded,298.0,298,source_recorded,1.0,1,source_recorded,0.0,Normal,source_recorded,178.0,178,source_recorded,0.0,N,source_recorded,1.2,1.2,source_recorded,2.0,Flat,source_recorded
822,Cleveland,processed.cleveland.data,150,0,1,0,1,0,0,60.0,60,source_recorded,0.0,F,source_recorded,3.0,NAP,source_recorded,102.0,102,source_recorded,318.0,318,source_recorded,0.0,0,source_recorded,0.0,Normal,source_recorded,160.0,160,source_recorded,0.0,N,source_recorded,0.0,0.0,source_recorded,1.0,Up,source_recorded
823,Cleveland,processed.cleveland.data,145,0,1,0,1,0,0,58.0,58,source_recorded,1.0,M,source_recorded,3.0,NAP,source_recorded,105.0,105,source_recorded,240.0,240,source_recorded,0.0,0,source_recorded,2.0,LVH,source_recorded,154.0,154,source_recorded,1.0,Y,source_recorded,0.6,0.6,source_recorded,2.0,Flat,source_recorded
824,Cleveland,processed.cleveland.data,144,0,1,0,1,1,1,64.0,64,source_recorded,1.0,M,source_recorded,3.0,NAP,source_recorded,125.0,125,source_recorded,309.0,309,source_recorded,0.0,0,source_recorded,0.0,Normal,source_recorded,131.0,131,source_recorded,1.0,Y,source_recorded,1.8,1.8,source_recorded,2.0,Flat,source_recorded
825,Cleveland,processed.cleveland.data,4,0,1,0,1,0,0,37.0,37,source_recorded,1.0,M,source_recorded,3.0,NAP,source_recorded,130.0,130,source_recorded,250.0,250,source_recorded,0.0,0,source_recorded,0.0,Normal,source_recorded,187.0,187,source_recorded,0.0,N,source_recorded,3.5,3.5,source_recorded,3.0,Down,source_recorded
826,Cleveland,processed.cleveland.data,142,0,1,0,1,1,1,59.0,59,source_recorded,1.0,M,source_recorded,1.0,TA,source_recorded,170.0,170,source_recorded,288.0,288,source_recorded,0.0,0,source_recorded,2.0,LVH,source_recorded,159.0,159,source_recorded,0.0,N,source_recorded,0.2,0.2,source_recorded,2.0,Flat,source_recorded
827,Cleveland,processed.cleveland.data,140,0,1,0,1,0,0,51.0,51,source_recorded,1.0,M,source_recorded,3.0,NAP,source_recorded,125.0,125,source_recorded,245.0,245,source_recorded,1.0,1,source_recorded,2.0,LVH,source_recorded,166.0,166,source_recorded,0.0,N,source_recorded,2.4,2.4,source_recorded,2.0,Flat,source_recorded
828,Cleveland,processed.cleveland.data,135,0,1,0,1,0,0,43.0,43,source_recorded,0.0,F,source_recorded,3.0,NAP,source_recorded,122.0,122,source_recorded,213.0,213,source_recorded,0.0,0,source_recorded,0.0,Normal,source_recorded,165.0,165,source_recorded,0.0,N,source_recorded,0.2,0.2,source_recorded,2.0,Flat,source_recorded
829,Cleveland,processed.cleveland.data,63,0,1,0,1,1,1,58.0,58,source_recorded,1.0,M,source_recorded,4.0,ASY,source_recorded,128.0,128,source_recorded,216.0,216,source_recorded,0.0,0,source_recorded,2.0,LVH,source_recorded,131.0,131,source_recorded,1.0,Y,source_recorded,2.2,2.2,source_recorded,2.0,Flat,source_recorded
830,Cleveland,processed.cleveland.data,133,0,1,0,1,0,0,29.0,29,source_recorded,1.0,M,source_recorded,2.0,ATA,source_recorded,130.0,130,source_recorded,204.0,204,source_recorded,0.0,0,source_recorded,2.0,LVH,source_recorded,202.0,202,source_recorded,0.0,N,source_recorded,0.0,0.0,source_recorded,1.0,Up,source_recorded
831,Cleveland,processed.cleveland.data,5,0,1,0,1,0,0,41.0,41,source_recorded,0.0,F,source_recorded,2.0,ATA,source_recorded,130.0,130,source_recorded,204.0,204,source_recorded,0.0,0,source_recorded,2.0,LVH,source_recorded,172.0,172,source_recorded,0.0,N,source_recorded,1.4,1.4,source_recorded,1.0,Up,source_recorded
832,Cleveland,processed.cleveland.data,95,0,1,0,1,0,0,63.0,63,source_recorded,0.0,F,source_recorded,3.0,NAP,source_recorded,135.0,135,source_recorded,252.0,252,source_recorded,0.0,0,source_recorded,2.0,LVH,source_recorded,172.0,172,source_recorded,0.0,N,source_recorded,0.0,0.0,source_recorded,1.0,Up,source_recorded
833,Cleveland,processed.cleveland.data,132,0,1,0,1,0,0,51.0,51,source_recorded,1.0,M,source_recorded,3.0,NAP,source_recorded,94.0,94,source_recorded,227.0,227,source_recorded,0.0,0,source_recorded,0.0,Normal,source_recorded,154.0,154,source_recorded,1.0,Y,source_recorded,0.0,0.0,source_recorded,1.0,Up,source_recorded
834,Cleveland,processed.cleveland.data,131,0,1,0,1,0,0,54.0,54,source_recorded,1.0,M,source_recorded,3.0,NAP,source_recorded,120.0,120,source_recorded,258.0,258,source_recorded,0.0,0,source_recorded,2.0,LVH,source_recorded,147.0,147,source_recorded,0.0,N,source_recorded,0.4,0.4,source_recorded,2.0,Flat,source_recorded
835,Cleveland,processed.cleveland.data,129,0,1,0,1,0,0,44.0,44,source_recorded,1.0,M,source_recorded,2.0,ATA,source_recorded,120.0,120,source_recorded,220.0,220,source_recorded,0.0,0,source_recorded,0.0,Normal,source_recorded,170.0,170,source_recorded,0.0,N,source_recorded,0.0,0.0,source_recorded,1.0,Up,source_recorded
836,Cleveland,processed.cleveland.data,128,0,1,0,1,1,3,54.0,54,source_recorded,1.0,M,source_recorded,4.0,ASY,source_recorded,110.0,110,source_recorded,239.0,239,source_recorded,0.0,0,source_recorded,0.0,Normal,source_recorded,126.0,126,source_recorded,1.0,Y,source_recorded,2.8,2.8,source_recorded,2.0,Flat,source_recorded
837,Cleveland,processed.cleveland.data,120,0,1,0,1,1,2,65.0,65,source_recorded,1.0,M,source_recorded,4.0,ASY,source_recorded,135.0,135,source_recorded,254.0,254,source_recorded,0.0,0,source_recorded,2.0,LVH,source_recorded,127.0,127,source_recorded,0.0,N,source_recorded,2.8,2.8,source_recorded,2.0,Flat,source_recorded
838,Cleveland,processed.cleveland.data,16,0,1,0,1,0,0,57.0,57,source_recorded,1.0,M,source_recorded,3.0,NAP,source_recorded,150.0,150,source_recorded,168.0,168,source_recorded,0.0,0,source_recorded,0.0,Normal,source_recorded,174.0,174,source_recorded,0.0,N,source_recorded,1.6,1.6,source_recorded,1.0,Up,source_recorded
839,Cleveland,processed.cleveland.data,119,0,1,0,1,1,3,63.0,63,source_recorded,1.0,M,source_recorded,4.0,ASY,source_recorded,130.0,130,source_recorded,330.0,330,source_recorded,1.0,1,source_recorded,2.0,LVH,source_recorded,132.0,132,source_recorded,1.0,Y,source_recorded,1.8,1.8,source_recorded,1.0,Up,source_recorded
840,Cleveland,processed.cleveland.data,118,0,1,0,1,0,0,35.0,35,source_recorded,0.0,F,source_recorded,4.0,ASY,source_recorded,138.0,138,source_recorded,183.0,183,source_recorded,0.0,0,source_recorded,0.0,Normal,source_recorded,182.0,182,source_recorded,0.0,N,source_recorded,1.4,1.4,source_recorded,1.0,Up,source_recorded
841,Cleveland,processed.cleveland.data,116,0,1,0,1,0,0,41.0,41,source_recorded,1.0,M,source_recorded,2.0,ATA,source_recorded,135.0,135,source_recorded,203.0,203,source_recorded,0.0,0,source_recorded,0.0,Normal,source_recorded,132.0,132,source_recorded,0.0,N,source_recorded,0.0,0.0,source_recorded,2.0,Flat,source_recorded
842,Cleveland,processed.cleveland.data,115,0,1,0,1,1,2,62.0,62,source_recorded,0.0,F,source_recorded,3.0,NAP,source_recorded,130.0,130,source_recorded,263.0,263,source_recorded,0.0,0,source_recorded,0.0,Normal,source_recorded,97.0,97,source_recorded,0.0,N,source_recorded,1.2,1.2,source_recorded,2.0,Flat,source_recorded
843,Cleveland,processed.cleveland.data,114,0,1,0,1,1,2,43.0,43,source_recorded,0.0,F,source_recorded,4.0,ASY,source_recorded,132.0,132,source_recorded,341.0,341,source_recorded,1.0,1,source_recorded,2.0,LVH,source_recorded,136.0,136,source_recorded,1.0,Y,source_recorded,3.0,3.0,source_recorded,2.0,Flat,source_recorded
844,Cleveland,processed.cleveland.data,22,0,1,0,1,0,0,58.0,58,source_recorded,0.0,F,source_recorded,1.0,TA,source_recorded,150.0,150,source_recorded,283.0,283,source_recorded,1.0,1,source_recorded,2.0,LVH,source_recorded,162.0,162,source_recorded,0.0,N,source_recorded,1.0,1.0,source_recorded,1.0,Up,source_recorded
845,Cleveland,processed.cleveland.data,113,0,1,0,1,0,0,52.0,52,source_recorded,1.0,M,source_recorded,1.0,TA,source_recorded,118.0,118,source_recorded,186.0,186,source_recorded,0.0,0,source_recorded,2.0,LVH,source_recorded,190.0,190,source_recorded,0.0,N,source_recorded,0.0,0.0,source_recorded,2.0,Flat,source_recorded
846,Cleveland,processed.cleveland.data,111,0,1,0,1,1,1,61.0,61,source_recorded,0.0,F,source_recorded,4.0,ASY,source_recorded,145.0,145,source_recorded,307.0,307,source_recorded,0.0,0,source_recorded,2.0,LVH,source_recorded,146.0,146,source_recorded,1.0,Y,source_recorded,1.0,1.0,source_recorded,2.0,Flat,source_recorded
847,Cleveland,processed.cleveland.data,110,0,1,0,1,1,3,39.0,39,source_recorded,1.0,M,source_recorded,4.0,ASY,source_recorded,118.0,118,source_recorded,219.0,219,source_recorded,0.0,0,source_recorded,0.0,Normal,source_recorded,140.0,140,source_recorded,0.0,N,source_recorded,1.2,1.2,source_recorded,2.0,Flat,source_recorded
848,Cleveland,processed.cleveland.data,101,0,1,0,1,0,0,45.0,45,source_recorded,1.0,M,source_recorded,4.0,ASY,source_recorded,115.0,115,source_recorded,260.0,260,source_recorded,0.0,0,source_recorded,2.0,LVH,source_recorded,185.0,185,source_recorded,0.0,N,source_recorded,0.0,0.0,source_recorded,1.0,Up,source_recorded
849,Cleveland,processed.cleveland.data,96,0,1,0,1,1,1,52.0,52,source_recorded,1.0,M,source_recorded,4.0,ASY,source_recorded,128.0,128,source_recorded,255.0,255,source_recorded,0.0,0,source_recorded,0.0,Normal,source_recorded,161.0,161,source_recorded,1.0,Y,source_recorded,0.0,0.0,source_recorded,1.0,Up,source_recorded
850,Cleveland,processed.cleveland.data,93,0,1,0,1,0,0,62.0,62,source_recorded,1.0,M,source_recorded,3.0,NAP,source_recorded,130.0,130,source_recorded,231.0,231,source_recorded,0.0,0,source_recorded,0.0,Normal,source_recorded,146.0,146,source_recorded,0.0,N,source_recorded,1.8,1.8,source_recorded,2.0,Flat,source_recorded
851,Cleveland,processed.cleveland.data,92,0,1,0,1,1,3,62.0,62,source_recorded,0.0,F,source_recorded,4.0,ASY,source_recorded,160.0,160,source_recorded,164.0,164,source_recorded,0.0,0,source_recorded,2.0,LVH,source_recorded,145.0,145,source_recorded,0.0,N,source_recorded,6.2,6.2,source_recorded,3.0,Down,source_recorded
852,Cleveland,processed.cleveland.data,89,0,1,0,1,0,0,53.0,53,source_recorded,0.0,F,source_recorded,4.0,ASY,source_recorded,138.0,138,source_recorded,234.0,234,source_recorded,0.0,0,source_recorded,2.0,LVH,source_recorded,160.0,160,source_recorded,0.0,N,source_recorded,0.0,0.0,source_recorded,1.0,Up,source_recorded
853,Cleveland,processed.cleveland.data,37,0,1,0,1,1,3,43.0,43,source_recorded,1.0,M,source_recorded,4.0,ASY,source_recorded,120.0,120,source_recorded,177.0,177,source_recorded,0.0,0,source_recorded,2.0,LVH,source_recorded,120.0,120,source_recorded,1.0,Y,source_recorded,2.5,2.5,source_recorded,2.0,Flat,source_recorded
854,Cleveland,processed.cleveland.data,87,0,1,0,1,0,0,47.0,47,source_recorded,1.0,M,source_recorded,3.0,NAP,source_recorded,138.0,138,source_recorded,257.0,257,source_recorded,0.0,0,source_recorded,2.0,LVH,source_recorded,156.0,156,source_recorded,0.0,N,source_recorded,0.0,0.0,source_recorded,1.0,Up,source_recorded
855,Cleveland,processed.cleveland.data,85,0,1,0,1,0,0,52.0,52,source_recorded,1.0,M,source_recorded,2.0,ATA,source_recorded,120.0,120,source_recorded,325.0,325,source_recorded,0.0,0,source_recorded,0.0,Normal,source_recorded,172.0,172,source_recorded,0.0,N,source_recorded,0.2,0.2,source_recorded,1.0,Up,source_recorded
856,Cleveland,processed.cleveland.data,84,0,1,0,1,1,3,68.0,68,source_recorded,1.0,M,source_recorded,3.0,NAP,source_recorded,180.0,180,source_recorded,274.0,274,source_recorded,1.0,1,source_recorded,2.0,LVH,source_recorded,150.0,150,source_recorded,1.0,Y,source_recorded,1.6,1.6,source_recorded,2.0,Flat,source_recorded
857,Cleveland,processed.cleveland.data,83,0,1,0,1,0,0,39.0,39,source_recorded,1.0,M,source_recorded,3.0,NAP,source_recorded,140.0,140,source_recorded,321.0,321,source_recorded,0.0,0,source_recorded,2.0,LVH,source_recorded,182.0,182,source_recorded,0.0,N,source_recorded,0.0,0.0,source_recorded,1.0,Up,source_recorded
858,Cleveland,processed.cleveland.data,82,0,1,0,1,0,0,53.0,53,source_recorded,0.0,F,source_recorded,4.0,ASY,source_recorded,130.0,130,source_recorded,264.0,264,source_recorded,0.0,0,source_recorded,2.0,LVH,source_recorded,143.0,143,source_recorded,0.0,N,source_recorded,0.4,0.4,source_recorded,2.0,Flat,source_recorded
859,Cleveland,processed.cleveland.data,7,0,1,0,1,1,3,62.0,62,source_recorded,0.0,F,source_recorded,4.0,ASY,source_recorded,140.0,140,source_recorded,268.0,268,source_recorded,0.0,0,source_recorded,2.0,LVH,source_recorded,160.0,160,source_recorded,0.0,N,source_recorded,3.6,3.6,source_recorded,3.0,Down,source_recorded
860,Cleveland,processed.cleveland.data,78,0,1,0,1,0,0,51.0,51,source_recorded,0.0,F,source_recorded,3.0,NAP,source_recorded,140.0,140,source_recorded,308.0,308,source_recorded,0.0,0,source_recorded,2.0,LVH,source_recorded,142.0,142,source_recorded,0.0,N,source_recorded,1.5,1.5,source_recorded,1.0,Up,source_recorded
861,Cleveland,processed.cleveland.data,55,0,1,0,1,1,1,60.0,60,source_recorded,1.0,M,source_recorded,4.0,ASY,source_recorded,130.0,130,source_recorded,253.0,253,source_recorded,0.0,0,source_recorded,0.0,Normal,source_recorded,144.0,144,source_recorded,1.0,Y,source_recorded,1.4,1.4,source_recorded,1.0,Up,source_recorded
862,Cleveland,processed.cleveland.data,74,0,1,0,1,1,1,65.0,65,source_recorded,1.0,M,source_recorded,4.0,ASY,source_recorded,110.0,110,source_recorded,248.0,248,source_recorded,0.0,0,source_recorded,2.0,LVH,source_recorded,158.0,158,source_recorded,0.0,N,source_recorded,0.6,0.6,source_recorded,1.0,Up,source_recorded
863,Cleveland,processed.cleveland.data,71,0,1,0,1,0,0,65.0,65,source_recorded,0.0,F,source_recorded,3.0,NAP,source_recorded,155.0,155,source_recorded,269.0,269,source_recorded,0.0,0,source_recorded,0.0,Normal,source_recorded,148.0,148,source_recorded,0.0,N,source_recorded,0.8,0.8,source_recorded,1.0,Up,source_recorded
864,Cleveland,processed.cleveland.data,67,0,1,0,1,1,1,60.0,60,source_recorded,1.0,M,source_recorded,3.0,NAP,source_recorded,140.0,140,source_recorded,185.0,185,source_recorded,0.0,0,source_recorded,2.0,LVH,source_recorded,155.0,155,source_recorded,0.0,N,source_recorded,3.0,3.0,source_recorded,2.0,Flat,source_recorded
865,Cleveland,processed.cleveland.data,66,0,1,0,1,1,2,60.0,60,source_recorded,1.0,M,source_recorded,4.0,ASY,source_recorded,145.0,145,source_recorded,282.0,282,source_recorded,0.0,0,source_recorded,2.0,LVH,source_recorded,142.0,142,source_recorded,1.0,Y,source_recorded,2.8,2.8,source_recorded,2.0,Flat,source_recorded
866,Cleveland,processed.cleveland.data,65,0,1,0,1,1,2,54.0,54,source_recorded,1.0,M,source_recorded,4.0,ASY,source_recorded,120.0,120,source_recorded,188.0,188,source_recorded,0.0,0,source_recorded,0.0,Normal,source_recorded,113.0,113,source_recorded,0.0,N,source_recorded,1.4,1.4,source_recorded,2.0,Flat,source_recorded
867,Cleveland,processed.cleveland.data,54,0,1,0,1,0,0,44.0,44,source_recorded,1.0,M,source_recorded,2.0,ATA,source_recorded,130.0,130,source_recorded,219.0,219,source_recorded,0.0,0,source_recorded,2.0,LVH,source_recorded,188.0,188,source_recorded,0.0,N,source_recorded,0.0,0.0,source_recorded,1.0,Up,source_recorded
868,Cleveland,processed.cleveland.data,53,0,1,0,1,1,2,44.0,44,source_recorded,1.0,M,source_recorded,4.0,ASY,source_recorded,112.0,112,source_recorded,290.0,290,source_recorded,0.0,0,source_recorded,2.0,LVH,source_recorded,153.0,153,source_recorded,0.0,N,source_recorded,0.0,0.0,source_recorded,1.0,Up,source_recorded
869,Cleveland,processed.cleveland.data,47,0,1,0,1,0,0,51.0,51,source_recorded,1.0,M,source_recorded,3.0,NAP,source_recorded,110.0,110,source_recorded,175.0,175,source_recorded,0.0,0,source_recorded,0.0,Normal,source_recorded,123.0,123,source_recorded,0.0,N,source_recorded,0.6,0.6,source_recorded,1.0,Up,source_recorded
870,Cleveland,processed.cleveland.data,44,0,1,0,1,0,0,59.0,59,source_recorded,1.0,M,source_recorded,3.0,NAP,source_recorded,150.0,150,source_recorded,212.0,212,source_recorded,1.0,1,source_recorded,0.0,Normal,source_recorded,157.0,157,source_recorded,0.0,N,source_recorded,1.6,1.6,source_recorded,1.0,Up,source_recorded
871,Cleveland,processed.cleveland.data,43,0,1,0,1,0,0,71.0,71,source_recorded,0.0,F,source_recorded,2.0,ATA,source_recorded,160.0,160,source_recorded,302.0,302,source_recorded,0.0,0,source_recorded,0.0,Normal,source_recorded,162.0,162,source_recorded,0.0,N,source_recorded,0.4,0.4,source_recorded,1.0,Up,source_recorded
872,Cleveland,processed.cleveland.data,40,0,1,0,1,0,0,61.0,61,source_recorded,1.0,M,source_recorded,3.0,NAP,source_recorded,150.0,150,source_recorded,243.0,243,source_recorded,1.0,1,source_recorded,0.0,Normal,source_recorded,137.0,137,source_recorded,1.0,Y,source_recorded,1.0,1.0,source_recorded,2.0,Flat,source_recorded
873,Cleveland,processed.cleveland.data,39,0,1,0,1,1,3,55.0,55,source_recorded,1.0,M,source_recorded,4.0,ASY,source_recorded,132.0,132,source_recorded,353.0,353,source_recorded,0.0,0,source_recorded,0.0,Normal,source_recorded,132.0,132,source_recorded,1.0,Y,source_recorded,1.2,1.2,source_recorded,2.0,Flat,source_recorded
874,Cleveland,processed.cleveland.data,33,0,1,0,1,1,1,64.0,64,source_recorded,1.0,M,source_recorded,3.0,NAP,source_recorded,140.0,140,source_recorded,335.0,335,source_recorded,0.0,0,source_recorded,0.0,Normal,source_recorded,158.0,158,source_recorded,0.0,N,source_recorded,0.0,0.0,source_recorded,1.0,Up,source_recorded
875,Cleveland,processed.cleveland.data,29,0,1,0,1,0,0,43.0,43,source_recorded,1.0,M,source_recorded,4.0,ASY,source_recorded,150.0,150,source_recorded,247.0,247,source_recorded,0.0,0,source_recorded,0.0,Normal,source_recorded,171.0,171,source_recorded,0.0,N,source_recorded,1.5,1.5,source_recorded,1.0,Up,source_recorded
876,Cleveland,processed.cleveland.data,27,0,1,0,1,0,0,58.0,58,source_recorded,0.0,F,source_recorded,3.0,NAP,source_recorded,120.0,120,source_recorded,340.0,340,source_recorded,0.0,0,source_recorded,0.0,Normal,source_recorded,172.0,172,source_recorded,0.0,N,source_recorded,0.0,0.0,source_recorded,1.0,Up,source_recorded
877,Cleveland,processed.cleveland.data,25,0,1,0,1,1,4,60.0,60,source_recorded,1.0,M,source_recorded,4.0,ASY,source_recorded,130.0,130,source_recorded,206.0,206,source_recorded,0.0,0,source_recorded,2.0,LVH,source_recorded,132.0,132,source_recorded,1.0,Y,source_recorded,2.4,2.4,source_recorded,2.0,Flat,source_recorded
878,Cleveland,processed.cleveland.data,23,0,1,0,1,1,1,58.0,58,source_recorded,1.0,M,source_recorded,2.0,ATA,source_recorded,120.0,120,source_recorded,284.0,284,source_recorded,0.0,0,source_recorded,2.0,LVH,source_recorded,160.0,160,source_recorded,0.0,N,source_recorded,1.8,1.8,source_recorded,2.0,Flat,source_recorded
879,Cleveland,processed.cleveland.data,20,0,1,0,1,0,0,49.0,49,source_recorded,1.0,M,source_recorded,2.0,ATA,source_recorded,130.0,130,source_recorded,266.0,266,source_recorded,0.0,0,source_recorded,0.0,Normal,source_recorded,171.0,171,source_recorded,0.0,N,source_recorded,0.6,0.6,source_recorded,1.0,Up,source_recorded
880,Cleveland,processed.cleveland.data,17,0,1,0,1,1,1,48.0,48,source_recorded,1.0,M,source_recorded,2.0,ATA,source_recorded,110.0,110,source_recorded,229.0,229,source_recorded,0.0,0,source_recorded,0.0,Normal,source_recorded,168.0,168,source_recorded,0.0,N,source_recorded,1.0,1.0,source_recorded,3.0,Down,source_recorded
881,Cleveland,processed.cleveland.data,15,0,1,0,1,0,0,52.0,52,source_recorded,1.0,M,source_recorded,3.0,NAP,source_recorded,172.0,172,source_recorded,199.0,199,source_recorded,1.0,1,source_recorded,0.0,Normal,source_recorded,162.0,162,source_recorded,0.0,N,source_recorded,0.5,0.5,source_recorded,1.0,Up,source_recorded
882,Cleveland,processed.cleveland.data,14,0,1,0,1,0,0,44.0,44,source_recorded,1.0,M,source_recorded,2.0,ATA,source_recorded,120.0,120,source_recorded,263.0,263,source_recorded,0.0,0,source_recorded,0.0,Normal,source_recorded,173.0,173,source_recorded,0.0,N,source_recorded,0.0,0.0,source_recorded,1.0,Up,source_recorded
883,Cleveland,processed.cleveland.data,12,0,1,0,1,0,0,56.0,56,source_recorded,0.0,F,source_recorded,2.0,ATA,source_recorded,140.0,140,source_recorded,294.0,294,source_recorded,0.0,0,source_recorded,2.0,LVH,source_recorded,153.0,153,source_recorded,0.0,N,source_recorded,1.3,1.3,source_recorded,2.0,Flat,source_recorded
884,Cleveland,processed.cleveland.data,11,0,1,0,1,0,0,57.0,57,source_recorded,1.0,M,source_recorded,4.0,ASY,source_recorded,140.0,140,source_recorded,192.0,192,source_recorded,0.0,0,source_recorded,0.0,Normal,source_recorded,148.0,148,source_recorded,0.0,N,source_recorded,0.4,0.4,source_recorded,2.0,Flat,source_recorded
885,Cleveland,processed.cleveland.data,2,0,1,0,1,1,2,67.0,67,source_recorded,1.0,M,source_recorded,4.0,ASY,source_recorded,160.0,160,source_recorded,286.0,286,source_recorded,0.0,0,source_recorded,2.0,LVH,source_recorded,108.0,108,source_recorded,1.0,Y,source_recorded,1.5,1.5,source_recorded,2.0,Flat,source_recorded
886,Cleveland,processed.cleveland.data,88,0,1,0,1,0,0,53.0,53,source_recorded,0.0,F,source_recorded,3.0,NAP,source_recorded,128.0,128,source_recorded,216.0,216,source_recorded,0.0,0,source_recorded,2.0,LVH,source_recorded,115.0,115,source_recorded,0.0,N,source_recorded,0.0,0.0,source_recorded,1.0,Up,source_recorded
887,Cleveland,processed.cleveland.data,167,0,1,0,1,0,0,52.0,52,source_recorded,1.0,M,source_recorded,3.0,NAP,source_recorded,138.0,138,source_recorded,223.0,223,source_recorded,0.0,0,source_recorded,0.0,Normal,source_recorded,169.0,169,source_recorded,0.0,N,source_recorded,0.0,0.0,source_recorded,1.0,Up,source_recorded
888,Cleveland,processed.cleveland.data,193,0,1,0,1,1,1,43.0,43,source_recorded,1.0,M,source_recorded,4.0,ASY,source_recorded,132.0,132,source_recorded,247.0,247,source_recorded,1.0,1,source_recorded,2.0,LVH,source_recorded,143.0,143,source_recorded,1.0,Y,source_recorded,0.1,0.1,source_recorded,2.0,Flat,source_recorded
889,Cleveland,processed.cleveland.data,267,0,1,0,1,1,2,52.0,52,source_recorded,1.0,M,source_recorded,4.0,ASY,source_recorded,128.0,128,source_recorded,204.0,204,source_recorded,1.0,1,source_recorded,0.0,Normal,source_recorded,156.0,156,source_recorded,1.0,Y,source_recorded,1.0,1.0,source_recorded,2.0,Flat,source_recorded
890,Cleveland,processed.cleveland.data,275,0,1,0,1,1,1,59.0,59,source_recorded,1.0,M,source_recorded,1.0,TA,source_recorded,134.0,134,source_recorded,204.0,204,source_recorded,0.0,0,source_recorded,0.0,Normal,source_recorded,162.0,162,source_recorded,0.0,N,source_recorded,0.8,0.8,source_recorded,1.0,Up,source_recorded
891,Cleveland,processed.cleveland.data,276,0,1,0,1,0,0,64.0,64,source_recorded,1.0,M,source_recorded,1.0,TA,source_recorded,170.0,170,source_recorded,227.0,227,source_recorded,0.0,0,source_recorded,2.0,LVH,source_recorded,155.0,155,source_recorded,0.0,N,source_recorded,0.6,0.6,source_recorded,2.0,Flat,source_recorded
892,Cleveland,processed.cleveland.data,277,0,1,0,1,0,0,66.0,66,source_recorded,0.0,F,source_recorded,3.0,NAP,source_recorded,146.0,146,source_recorded,278.0,278,source_recorded,0.0,0,source_recorded,2.0,LVH,source_recorded,152.0,152,source_recorded,0.0,N,source_recorded,0.0,0.0,source_recorded,2.0,Flat,source_recorded
893,Cleveland,processed.cleveland.data,278,0,1,0,1,0,0,39.0,39,source_recorded,0.0,F,source_recorded,3.0,NAP,source_recorded,138.0,138,source_recorded,220.0,220,source_recorded,0.0,0,source_recorded,0.0,Normal,source_recorded,152.0,152,source_recorded,0.0,N,source_recorded,0.0,0.0,source_recorded,2.0,Flat,source_recorded
894,Cleveland,processed.cleveland.data,279,0,1,0,1,1,1,57.0,57,source_recorded,1.0,M,source_recorded,2.0,ATA,source_recorded,154.0,154,source_recorded,232.0,232,source_recorded,0.0,0,source_recorded,2.0,LVH,source_recorded,164.0,164,source_recorded,0.0,N,source_recorded,0.0,0.0,source_recorded,1.0,Up,source_recorded
895,Cleveland,processed.cleveland.data,280,0,1,0,1,0,0,58.0,58,source_recorded,0.0,F,source_recorded,4.0,ASY,source_recorded,130.0,130,source_recorded,197.0,197,source_recorded,0.0,0,source_recorded,0.0,Normal,source_recorded,131.0,131,source_recorded,0.0,N,source_recorded,0.6,0.6,source_recorded,2.0,Flat,source_recorded
896,Cleveland,processed.cleveland.data,281,0,1,0,1,1,2,57.0,57,source_recorded,1.0,M,source_recorded,4.0,ASY,source_recorded,110.0,110,source_recorded,335.0,335,source_recorded,0.0,0,source_recorded,0.0,Normal,source_recorded,143.0,143,source_recorded,1.0,Y,source_recorded,3.0,3.0,source_recorded,2.0,Flat,source_recorded
897,Cleveland,processed.cleveland.data,282,0,1,0,1,0,0,47.0,47,source_recorded,1.0,M,source_recorded,3.0,NAP,source_recorded,130.0,130,source_recorded,253.0,253,source_recorded,0.0,0,source_recorded,0.0,Normal,source_recorded,179.0,179,source_recorded,0.0,N,source_recorded,0.0,0.0,source_recorded,1.0,Up,source_recorded
898,Cleveland,processed.cleveland.data,283,0,1,0,1,1,3,55.0,55,source_recorded,0.0,F,source_recorded,4.0,ASY,source_recorded,128.0,128,source_recorded,205.0,205,source_recorded,0.0,0,source_recorded,1.0,ST,source_recorded,130.0,130,source_recorded,1.0,Y,source_recorded,2.0,2.0,source_recorded,2.0,Flat,source_recorded
899,Cleveland,processed.cleveland.data,284,0,1,0,1,0,0,35.0,35,source_recorded,1.0,M,source_recorded,2.0,ATA,source_recorded,122.0,122,source_recorded,192.0,192,source_recorded,0.0,0,source_recorded,0.0,Normal,source_recorded,174.0,174,source_recorded,0.0,N,source_recorded,0.0,0.0,source_recorded,1.0,Up,source_recorded
900,Cleveland,processed.cleveland.data,285,0,1,0,1,1,2,61.0,61,source_recorded,1.0,M,source_recorded,4.0,ASY,source_recorded,148.0,148,source_recorded,203.0,203,source_recorded,0.0,0,source_recorded,0.0,Normal,source_recorded,161.0,161,source_recorded,0.0,N,source_recorded,0.0,0.0,source_recorded,1.0,Up,source_recorded
901,Cleveland,processed.cleveland.data,286,0,1,0,1,1,4,58.0,58,source_recorded,1.0,M,source_recorded,4.0,ASY,source_recorded,114.0,114,source_recorded,318.0,318,source_recorded,0.0,0,source_recorded,1.0,ST,source_recorded,140.0,140,source_recorded,0.0,N,source_recorded,4.4,4.4,source_recorded,3.0,Down,source_recorded
902,Cleveland,processed.cleveland.data,287,0,1,0,1,1,2,58.0,58,source_recorded,0.0,F,source_recorded,4.0,ASY,source_recorded,170.0,170,source_recorded,225.0,225,source_recorded,1.0,1,source_recorded,2.0,LVH,source_recorded,146.0,146,source_recorded,1.0,Y,source_recorded,2.8,2.8,source_recorded,2.0,Flat,source_recorded
903,Cleveland,processed.cleveland.data,288,0,1,0,1,0,0,58.0,58,source_recorded,1.0,M,source_recorded,2.0,ATA,source_recorded,125.0,125,source_recorded,220.0,220,source_recorded,0.0,0,source_recorded,0.0,Normal,source_recorded,144.0,144,source_recorded,0.0,N,source_recorded,0.4,0.4,source_recorded,2.0,Flat,source_recorded
904,Cleveland,processed.cleveland.data,289,0,1,0,1,0,0,56.0,56,source_recorded,1.0,M,source_recorded,2.0,ATA,source_recorded,130.0,130,source_recorded,221.0,221,source_recorded,0.0,0,source_recorded,2.0,LVH,source_recorded,163.0,163,source_recorded,0.0,N,source_recorded,0.0,0.0,source_recorded,1.0,Up,source_recorded
905,Cleveland,processed.cleveland.data,290,0,1,0,1,0,0,56.0,56,source_recorded,1.0,M,source_recorded,2.0,ATA,source_recorded,120.0,120,source_recorded,240.0,240,source_recorded,0.0,0,source_recorded,0.0,Normal,source_recorded,169.0,169,source_recorded,0.0,N,source_recorded,0.0,0.0,source_recorded,3.0,Down,source_recorded
906,Cleveland,processed.cleveland.data,291,0,1,0,1,1,1,67.0,67,source_recorded,1.0,M,source_recorded,3.0,NAP,source_recorded,152.0,152,source_recorded,212.0,212,source_recorded,0.0,0,source_recorded,2.0,LVH,source_recorded,150.0,150,source_recorded,0.0,N,source_recorded,0.8,0.8,source_recorded,2.0,Flat,source_recorded
907,Cleveland,processed.cleveland.data,292,0,1,0,1,0,0,55.0,55,source_recorded,0.0,F,source_recorded,2.0,ATA,source_recorded,132.0,132,source_recorded,342.0,342,source_recorded,0.0,0,source_recorded,0.0,Normal,source_recorded,166.0,166,source_recorded,0.0,N,source_recorded,1.2,1.2,source_recorded,1.0,Up,source_recorded
908,Cleveland,processed.cleveland.data,293,0,1,0,1,1,2,44.0,44,source_recorded,1.0,M,source_recorded,4.0,ASY,source_recorded,120.0,120,source_recorded,169.0,169,source_recorded,0.0,0,source_recorded,0.0,Normal,source_recorded,144.0,144,source_recorded,1.0,Y,source_recorded,2.8,2.8,source_recorded,3.0,Down,source_recorded
909,Cleveland,processed.cleveland.data,294,0,1,0,1,1,2,63.0,63,source_recorded,1.0,M,source_recorded,4.0,ASY,source_recorded,140.0,140,source_recorded,187.0,187,source_recorded,0.0,0,source_recorded,2.0,LVH,source_recorded,144.0,144,source_recorded,1.0,Y,source_recorded,4.0,4.0,source_recorded,1.0,Up,source_recorded
910,Cleveland,processed.cleveland.data,295,0,1,0,1,1,1,63.0,63,source_recorded,0.0,F,source_recorded,4.0,ASY,source_recorded,124.0,124,source_recorded,197.0,197,source_recorded,0.0,0,source_recorded,0.0,Normal,source_recorded,136.0,136,source_recorded,1.0,Y,source_recorded,0.0,0.0,source_recorded,2.0,Flat,source_recorded
911,Cleveland,processed.cleveland.data,296,0,1,0,1,0,0,41.0,41,source_recorded,1.0,M,source_recorded,2.0,ATA,source_recorded,120.0,120,source_recorded,157.0,157,source_recorded,0.0,0,source_recorded,0.0,Normal,source_recorded,182.0,182,source_recorded,0.0,N,source_recorded,0.0,0.0,source_recorded,1.0,Up,source_recorded
912,Cleveland,processed.cleveland.data,297,0,1,0,1,1,3,59.0,59,source_recorded,1.0,M,source_recorded,4.0,ASY,source_recorded,164.0,164,source_recorded,176.0,176,source_recorded,1.0,1,source_recorded,2.0,LVH,source_recorded,90.0,90,source_recorded,0.0,N,source_recorded,1.0,1.0,source_recorded,2.0,Flat,source_recorded
913,Cleveland,processed.cleveland.data,298,0,1,0,1,1,1,57.0,57,source_recorded,0.0,F,source_recorded,4.0,ASY,source_recorded,140.0,140,source_recorded,241.0,241,source_recorded,0.0,0,source_recorded,0.0,Normal,source_recorded,123.0,123,source_recorded,1.0,Y,source_recorded,0.2,0.2,source_recorded,2.0,Flat,source_recorded
914,Cleveland,processed.cleveland.data,299,0,1,0,1,1,1,45.0,45,source_recorded,1.0,M,source_recorded,1.0,TA,source_recorded,110.0,110,source_recorded,264.0,264,source_recorded,0.0,0,source_recorded,0.0,Normal,source_recorded,132.0,132,source_recorded,0.0,N,source_recorded,1.2,1.2,source_recorded,2.0,Flat,source_recorded
915,Cleveland,processed.cleveland.data,300,0,1,0,1,1,2,68.0,68,source_recorded,1.0,M,source_recorded,4.0,ASY,source_recorded,144.0,144,source_recorded,193.0,193,source_recorded,1.0,1,source_recorded,0.0,Normal,source_recorded,141.0,141,source_recorded,0.0,N,source_recorded,3.4,3.4,source_recorded,2.0,Flat,source_recorded
916,Cleveland,processed.cleveland.data,301,0,1,0,1,1,3,57.0,57,source_recorded,1.0,M,source_recorded,4.0,ASY,source_recorded,130.0,130,source_recorded,131.0,131,source_recorded,0.0,0,source_recorded,0.0,Normal,source_recorded,115.0,115,source_recorded,1.0,Y,source_recorded,1.2,1.2,source_recorded,2.0,Flat,source_recorded
917,Cleveland,processed.cleveland.data,302,0,1,0,1,1,1,57.0,57,source_recorded,0.0,F,source_recorded,2.0,ATA,source_recorded,130.0,130,source_recorded,236.0,236,source_recorded,0.0,0,source_recorded,2.0,LVH,source_recorded,174.0,174,source_recorded,0.0,N,source_recorded,0.0,0.0,source_recorded,2.0,Flat,source_recorded
918,Cleveland,processed.cleveland.data,303,0,1,0,1,0,0,38.0,38,source_recorded,1.0,M,source_recorded,3.0,NAP,source_recorded,138.0,138,source_recorded,175.0,175,source_recorded,0.0,0,source_recorded,0.0,Normal,source_recorded,173.0,173,source_recorded,0.0,N,source_recorded,0.0,0.0,source_recorded,1.0,Up,source_recorded
